Workbook

Sheet الواجهة الرئيسية
B2: نظام تقييم مهارات نافس الأكاديمي
B3: Academic Skills Assessment System – NAFIS
B4: عدد الطالبات: 99 | عدد المهارات: 10 | العام الدراسي: 1446 هـ
B5: ✨ يمكنك تعديل مسمى أي مهارة مباشرةً من هذه الكروت – وسيتم تحديثها تلقائياً في جميع صفحات الملف
B6: 📚 المهارة 1 | D6: 🔍 المهارة 2 | F6: 🧠 المهارة 3 | H6: 💡 المهارة 4 | J6: 🗣️ المهارة 5
B8: القراءة والفهم | D8: الاستيعاب والتحليل | F8: التفكير الناقد | H8: حل المشكلات | J8: التواصل اللغوي
B18: 📊 المهارة 6 | D18: 🎓 المهارة 7 | F18: ⚙️ المهارة 8 | H18: ✨ المهارة 9 | J18: 📐 المهارة 10
B20: الاستنتاج والتقييم | D20: الكفاءة المعرفية | F20: المنطق والتفكير | H20: الإبداع والابتكار | J20: التطبيق والتحليل
B32: جميع الحقوق محفوظة – نظام نافس الأكاديمي

Sheet قاعدة الأسماء
A2: قاعدة بيانات الطالبات المركزية – Master Sheet
A3: هذه الصفحة هي المرجع الرئيسي لأسماء الطالبات – تؿذّي جميع الصفحات تلقائياً
A4: م | B4: اسم الطالبة | C4: رقم الهوية | D4: الفصل | E4: اسم المعلمة | F4: تاريخ الإدخال
A5: 1 | B5: نورة أحمد السالم | C5: 1090000137 | D5: ثالث/1 | E5: أ. أمل العمري | F5: 1446/08/15 هـ
A6: 2 | B6: ريم محمد العتيبي | C6: 1090000274 | D6: ثالث/1 | E6: أ. أمل العمري | F6: 1446/08/15 هـ
A7: 3 | B7: سارة خالد الزهراني | C7: 1090000411 | D7: ثالث/1 | E7: أ. أمل العمري | F7: 1446/08/15 هـ
A8: 4 | B8: هند عبدالله المطيري | C8: 1090000548 | D8: ثالث/1 | E8: أ. أمل العمري | F8: 1446/08/15 هـ
A9: 5 | B9: ليلى سعد القحطاني | C9: 1090000685 | D9: ثالث/1 | E9: أ. أمل العمري | F9: 1446/08/15 هـ
A10: 6 | B10: مريم يوسف الشهري | C10: 1090000822 | D10: ثالث/1 | E10: أ. أمل العمري | F10: 1446/08/15 هـ
A11: 7 | B11: دانة فهد العنزي | C11: 1090000959 | D11: ثالث/1 | E11: أ. أمل العمري | F11: 1446/08/15 هـ
A12: 8 | B12: رنا عمر الدوسري | C12: 1090001096 | D12: ثالث/1 | E12: أ. أمل العمري | F12: 1446/08/15 هـ
A13: 9 | B13: أريج ناصر الحربي | C13: 1090001233 | D13: ثالث/1 | E13: أ. أمل العمري | F13: 1446/08/15 هـ
A14: 10 | B14: شيماء علي الغامدي | C14: 1090001370 | D14: ثالث/1 | E14: أ. أمل العمري | F14: 1446/08/15 هـ
A15: 11 | B15: أسماء إبراهيم البلوي | C15: 1090001507 | D15: ثالث/1 | E15: أ. أمل العمري | F15: 1446/08/15 هـ
A16: 12 | B16: غادة حسن الرشيدي | C16: 1090001644 | D16: ثالث/1 | E16: أ. أمل العمري | F16: 1446/08/15 هـ
... A103: 99 | B103: خلود فهيد الرويلي | C103: 1090013563 | D103: ثالث/3 | E103: أ. أمل العمري | F103: 1446/08/15 هـ

Sheet الاختبار القبلي
A2: الاختبار التشخيصي القبلي – Pre-Test
A3: إدخال درجات مهارات نافس العشر | التحليل الفوري تلقائي
A4: م | B4: اسم الطالبة | C4: ="م1 " & CHAR(10) & 'الواجهة الرئيسية'!B8 | D4: ="م2 " & CHAR(10) & 'الواجهة الرئيسية'!D8 | E4: ="م3 " & CHAR(10) & 'الواجهة الرئيسية'!F8 | F4: ="م4 " & CHAR(10) & 'الواجهة الرئيسية'!H8 | G4: ="م5 " & CHAR(10) & 'الواجهة الرئيسية'!J8 | H4: ="م6 " & CHAR(10) & 'الواجهة الرئيسية'!B20 | I4: ="م7 " & CHAR(10) & 'الواجهة الرئيسية'!D20 | J4: ="م8 " & CHAR(10) & 'الواجهة الرئيسية'!F20 | K4: ="م9 " & CHAR(10) & 'الواجهة الرئيسية'!H20 | L4: ="م10 " & CHAR(10) & 'الواجهة الرئيسية'!J20 | M4: المجموع | N4: النسبة% | O4: المستوى
B5: الدرجة العظمى | C5: 10 | D5: 10 | E5: 10 | F5: 10 | G5: 10 | H5: 10 | I5: 10 | J5: 10 | K5: 10 | L5: 10 | M5: 100 | N5: 100%
A6: 1 | B6: ='قاعدة الأسماء'!B5 | C6: 8 | D6: 8 | E6: 8 | F6: 7 | G6: 9 | H6: 8 | I6: 9 | J6: 8 | K6: 9 | L6: 8 | M6: =IF(COUNT(C6:L6)=0,"",SUM(C6:L6)) | N6: =IF(M6="","",M6/100) | O6: =IF(M6="","",IF(M6<50,"ضعيف",IF(M6<75,"متوسط","ممتاز")))
A7: 2 | B7: ='قاعدة الأسماء'!B6 | C7: 8 | D7: 9 | E7: 7 | F7: 8 | G7: 9 | H7: 7 | I7: 8 | J7: 7 | K7: 7 | L7: 8 | M7: =IF(COUNT(C7:L7)=0,"",SUM(C7:L7)) | N7: =IF(M7="","",M7/100) | O7: =IF(M7="","",IF(M7<50,"ضعيف",IF(M7<75,"متوسط","ممتاز")))
A8: 3 | B8: ='قاعدة الأسماء'!B7 | C8: 10 | D8: 9 | E8: 9 | F8: 8 | G8: 8 | H8: 8 | I8: 10 | J8: 8 | K8: 9 | L8: 9 | M8: =IF(COUNT(C8:L8)=0,"",SUM(C8:L8)) | N8: =IF(M8="","",M8/100) | O8: =IF(M8="","",IF(M8<50,"ضعيف",IF(M8<75,"متوسط","ممتاز")))
A9: 4 | B9: ='قاعدة الأسماء'!B8 | C9: 10 | D9: 9 | E9: 8 | F9: 7 | G9: 9 | H9: 9 | I9: 10 | J9: 8 | K9: 8 | L9: 8 | M9: =IF(COUNT(C9:L9)=0,"",SUM(C9:L9)) | N9: =IF(M9="","",M9/100) | O9: =IF(M9="","",IF(M9<50,"ضعيف",IF(M9<75,"متوسط","ممتاز")))
A10: 5 | B10: ='قاعدة الأسماء'!B9 | C10: 9 | D10: 9 | E10: 8 | F10: 8 | G10: 9 | H10: 8 | I10: 8 | J10: 9 | K10: 8 | L10: 8 | M10: =IF(COUNT(C10:L10)=0,"",SUM(C10:L10)) | N10: =IF(M10="","",M10/100) | O10: =IF(M10="","",IF(M10<50,"ضعيف",IF(M10<75,"متوسط","ممتاز")))
A11: 6 | B11: ='قاعدة الأسماء'!B10 | C11: 9 | D11: 9 | E11: 7 | F11: 8 | G11: 8 | H11: 8 | I11: 9 | J11: 9 | K11: 8 | L11: 9 | M11: =IF(COUNT(C11:L11)=0,"",SUM(C11:L11)) | N11: =IF(M11="","",M11/100) | O11: =IF(M11="","",IF(M11<50,"ضعيف",IF(M11<75,"متوسط","ممتاز")))
A12: 7 | B12: ='قاعدة الأسماء'!B11 | C12: 8 | D12: 8 | E12: 7 | F12: 7 | G12: 8 | H12: 7 | I12: 8 | J12: 8 | K12: 7 | L12: 8 | M12: =IF(COUNT(C12:L12)=0,"",SUM(C12:L12)) | N12: =IF(M12="","",M12/100) | O12: =IF(M12="","",IF(M12<50,"ضعيف",IF(M12<75,"متوسط","ممتاز")))
A13: 8 | B13: ='قاعدة الأسماء'!B12 | C13: 8 | D13: 8 | E13: 7 | F13: 7 | G13: 9 | H13: 8 | I13: 8 | J13: 8 | K13: 9 | L13: 8 | M13: =IF(COUNT(C13:L13)=0,"",SUM(C13:L13)) | N13: =IF(M13="","",M13/100) | O13: =IF(M13="","",IF(M13<50,"ضعيف",IF(M13<75,"متوسط","ممتاز")))
A14: 9 | B14: ='قاعدة الأسماء'!B13 | C14: 9 | D14: 8 | E14: 7 | F14: 7 | G14: 9 | H14: 9 | I14: 9 | J14: 7 | K14: 8 | L14: 8 | M14: =IF(COUNT(C14:L14)=0,"",SUM(C14:L14)) | N14: =IF(M14="","",M14/100) | O14: =IF(M14="","",IF(M14<50,"ضعيف",IF(M14<75,"متوسط","ممتاز")))
A15: 10 | B15: ='قاعدة الأسماء'!B14 | C15: 9 | D15: 7 | E15: 7 | F15: 8 | G15: 8 | H15: 8 | I15: 9 | J15: 7 | K15: 8 | L15: 9 | M15: =IF(COUNT(C15:L15)=0,"",SUM(C15:L15)) | N15: =IF(M15="","",M15/100) | O15: =IF(M15="","",IF(M15<50,"ضعيف",IF(M15<75,"متوسط","ممتاز")))
A16: 11 | B16: ='قاعدة الأسماء'!B15 | C16: 9 | D16: 9 | E16: 7 | F16: 7 | G16: 8 | H16: 8 | I16: 9 | J16: 8 | K16: 9 | L16: 9 | M16: =IF(COUNT(C16:L16)=0,"",SUM(C16:L16)) | N16: =IF(M16="","",M16/100) | O16: =IF(M16="","",IF(M16<50,"ضعيف",IF(M16<75,"متوسط","ممتاز")))
A17: 12 | B17: ='قاعدة الأسماء'!B16 | C17: 9 | D17: 9 | E17: 8 | F17: 9 | G17: 9 | H17: 9 | I17: 8 | J17: 9 | K17: 9 | L17: 9 | M17: =IF(COUNT(C17:L17)=0,"",SUM(C17:L17)) | N17: =IF(M17="","",M17/100) | O17: =IF(M17="","",IF(M17<50,"ضعيف",IF(M17<75,"متوسط","ممتاز")))
... A104: 99 | B104: ='قاعدة الأسماء'!B103 | C104: 5 | D104: 4 | E104: 2 | F104: 3 | G104: 3 | H104: 3 | I104: 4 | J104: 3 | K104: 3 | L104: 3 | M104: =IF(COUNT(C104:L104)=0,"",SUM(C104:L104)) | N104: =IF(M104="","",M104/100) | O104: =IF(M104="","",IF(M104<50,"ضعيف",IF(M104<75,"متوسط","ممتاز")))
A107: تحليل النتائج الفوري والرسوم البيانية – Diagnostic Analytics & Charts
B109: المؤشرات العامة
B110: متوسط الدرجات | D110: =IFERROR(AVERAGE(M6:M104),0)
B111: نسبة النجاح | D111: =IFERROR(COUNTIF(O6:O104,"<>ضعيف")/99,0)
B112: أعلى درجة | D112: =IFERROR(MAX(M6:M104),0)
B113: أدنى درجة | D113: =IFERROR(MIN(M6:M104),0)
B115: توزيع مستويات الطالبات
B116: المستوى | C116: العدد | D116: النسبة%
B117: ممتاز | C117: =COUNTIF(O6:O104,"ممتاز") | D117: =C117/99
B118: متوسط | C118: =COUNTIF(O6:O104,"متوسط") | D118: =C118/99
B119: ضعيف | C119: =COUNTIF(O6:O104,"ضعيف") | D119: =C119/99
A121: مقارنة وتحليل متوسط درجات مهارات نافس العشر
B123: المهارة | C123: المتوسط | D123: التقييم
B124: ='الواجهة الرئيسية'!B8 | C124: =IFERROR(AVERAGE(C6:C104),0) | D124: =IF(C124>=7.5,"نقطة قوة",IF(C124>=5.0,"مستوى متوسط","تحتاج دعم"))
B125: ='الواجهة الرئيسية'!D8 | C125: =IFERROR(AVERAGE(D6:D104),0) | D125: =IF(C125>=7.5,"نقطة قوة",IF(C125>=5.0,"مستوى متوسط","تحتاج دعم"))
B126: ='الواجهة الرئيسية'!F8 | C126: =IFERROR(AVERAGE(E6:E104),0) | D126: =IF(C126>=7.5,"نقطة قوة",IF(C126>=5.0,"مستوى متوسط","تحتاج دعم"))
B127: ='الواجهة الرئيسية'!H8 | C127: =IFERROR(AVERAGE(F6:F104),0) | D127: =IF(C127>=7.5,"نقطة قوة",IF(C127>=5.0,"مستوى متوسط","تحتاج دعم"))
B128: ='الواجهة الرئيسية'!J8 | C128: =IFERROR(AVERAGE(G6:G104),0) | D128: =IF(C128>=7.5,"نقطة قوة",IF(C128>=5.0,"مستوى متوسط","تحتاج دعم"))
B129: ='الواجهة الرئيسية'!B20 | C129: =IFERROR(AVERAGE(H6:H104),0) | D129: =IF(C129>=7.5,"نقطة قوة",IF(C129>=5.0,"مستوى متوسط","تحتاج دعم"))
B130: ='الواجهة الرئيسية'!D20 | C130: =IFERROR(AVERAGE(I6:I104),0) | D130: =IF(C130>=7.5,"نقطة قوة",IF(C130>=5.0,"مستوى متوسط","تحتاج دعم"))
B131: ='الواجهة الرئيسية'!F20 | C131: =IFERROR(AVERAGE(J6:J104),0) | D131: =IF(C131>=7.5,"نقطة قوة",IF(C131>=5.0,"مستوى متوسط","تحتاج دعم"))
B132: ='الواجهة الرئيسية'!H20 | C132: =IFERROR(AVERAGE(K6:K104),0) | D132: =IF(C132>=7.5,"نقطة قوة",IF(C132>=5.0,"مستوى متوسط","تحتاج دعم"))
B133: ='الواجهة الرئيسية'!J20 | C133: =IFERROR(AVERAGE(L6:L104),0) | D133: =IF(C133>=7.5,"نقطة قوة",IF(C133>=5.0,"مستوى متوسط","تحتاج دعم"))

Sheet خطط قبلية
A2: الخطط العلاجية والإثرائية – القبلي
A3: تُنشأ الخطط تلقائياً بناءً على مستوى الطالبة
A4: م | B4: اسم الطالبة | C4: المستوى | D4: نوع الخطة | E4: المهارات المستهدفة | F4: الأنشطة | G4: ملاحظات | H4: تاريخ التنفيذ
A5: 1 | B5: ='قاعدة الأسماء'!B5 | C5: ='الاختبار القبلي'!O6 | D5: =IF(C5="ضعيف","خطة علاجية",IF(C5="متوسط","خطة تطويرية","خطة إثرائية")) | E5: =IF(C5="ضعيف","تركيز على: " & 'الواجهة الرئيسية'!B8 & " و " & 'الواجهة الرئيسية'!F8,IF(C5="متوسط","تطوير: " & 'الواجهة الرئيسية'!D8 & " و " & 'الواجهة الرئيسية'!H8,"إثراء: " & 'الواجهة الرئيسية'!H20 & " و " & 'الواجهة الرئيسية'!J20)) | F5: =IF(C5="ضعيف","تدريبات مكثفة – نماذج سابقة",IF(C5="متوسط","أنشطة تفاعلية – أوراق عمل","مشاريع بحثية – مسابقات نافس"))
A6: 2 | B6: ='قاعدة الأسماء'!B6 | C6: ='الاختبار القبلي'!O7 | D6: =IF(C6="ضعيف","خطة علاجية",IF(C6="متوسط","خطة تطويرية","خطة إثرائية")) | E6: =IF(C6="ضعيف","تركيز على: " & 'الواجهة الرئيسية'!B8 & " و " & 'الواجهة الرئيسية'!F8,IF(C6="متوسط","تطوير: " & 'الواجهة الرئيسية'!D8 & " و " & 'الواجهة الرئيسية'!H8,"إثراء: " & 'الواجهة الرئيسية'!H20 & " و " & 'الواجهة الرئيسية'!J20)) | F6: =IF(C6="ضعيف","تدريبات مكثفة – نماذج سابقة",IF(C6="متوسط","أنشطة تفاعلية – أوراق عمل","مشاريع بحثية – مسابقات نافس"))
A7: 3 | B7: ='قاعدة الأسماء'!B7 | C7: ='الاختبار القبلي'!O8 | D7: =IF(C7="ضعيف","خطة علاجية",IF(C7="متوسط","خطة تطويرية","خطة إثرائية")) | E7: =IF(C7="ضعيف","تركيز على: " & 'الواجهة الرئيسية'!B8 & " و " & 'الواجهة الرئيسية'!F8,IF(C7="متوسط","تطوير: " & 'الواجهة الرئيسية'!D8 & " و " & 'الواجهة الرئيسية'!H8,"إثراء: " & 'الواجهة الرئيسية'!H20 & " و " & 'الواجهة الرئيسية'!J20)) | F7: =IF(C7="ضعيف","تدريبات مكثفة – نماذج سابقة",IF(C7="متوسط","أنشطة تفاعلية – أوراق عمل","مشاريع بحثية – مسابقات نافس"))
A8: 4 | B8: ='قاعدة الأسماء'!B8 | C8: ='الاختبار القبلي'!O9 | D8: =IF(C8="ضعيف","خطة علاجية",IF(C8="متوسط","خطة تطويرية","خطة إثرائية")) | E8: =IF(C8="ضعيف","تركيز على: " & 'الواجهة الرئيسية'!B8 & " و " & 'الواجهة الرئيسية'!F8,IF(C8="متوسط","تطوير: " & 'الواجهة الرئيسية'!D8 & " و " & 'الواجهة الرئيسية'!H8,"إثراء: " & 'الواجهة الرئيسية'!H20 & " و " & 'الواجهة الرئيسية'!J20)) | F8: =IF(C8="ضعيف","تدريبات مكثفة – نماذج سابقة",IF(C8="متوسط","أنشطة تفاعلية – أوراق عمل","مشاريع بحثية – مسابقات نافس"))
A9: 5 | B9: ='قاعدة الأسماء'!B9 | C9: ='الاختبار القبلي'!O10 | D9: =IF(C9="ضعيف","خطة علاجية",IF(C9="متوسط","خطة تطويرية","خطة إثرائية")) | E9: =IF(C9="ضعيف","تركيز على: " & 'الواجهة الرئيسية'!B8 & " و " & 'الواجهة الرئيسية'!F8,IF(C9="متوسط","تطوير: " & 'الواجهة الرئيسية'!D8 & " و " & 'الواجهة الرئيسية'!H8,"إثراء: " & 'الواجهة الرئيسية'!H20 & " و " & 'الواجهة الرئيسية'!J20)) | F9: =IF(C9="ضعيف","تدريبات مكثفة – نماذج سابقة",IF(C9="متوسط","أنشطة تفاعلية – أوراق عمل","مشاريع بحثية – مسابقات نافس"))
A10: 6 | B10: ='قاعدة الأسماء'!B10 | C10: ='الاختبار القبلي'!O11 | D10: =IF(C10="ضعيف","خطة علاجية",IF(C10="متوسط","خطة تطويرية","خطة إثرائية")) | E10: =IF(C10="ضعيف","تركيز على: " & 'الواجهة الرئيسية'!B8 & " و " & 'الواجهة الرئيسية'!F8,IF(C10="متوسط","تطوير: " & 'الواجهة الرئيسية'!D8 & " و " & 'الواجهة الرئيسية'!H8,"إثراء: " & 'الواجهة الرئيسية'!H20 & " و " & 'الواجهة الرئيسية'!J20)) | F10: =IF(C10="ضعيف","تدريبات مكثفة – نماذج سابقة",IF(C10="متوسط","أنشطة تفاعلية – أوراق عمل","مشاريع بحثية – مسابقات نافس"))
A11: 7 | B11: ='قاعدة الأسماء'!B11 | C11: ='الاختبار القبلي'!O12 | D11: =IF(C11="ضعيف","خطة علاجية",IF(C11="متوسط","خطة تطويرية","خطة إثرائية")) | E11: =IF(C11="ضعيف","تركيز على: " & 'الواجهة الرئيسية'!B8 & " و " & 'الواجهة الرئيسية'!F8,IF(C11="متوسط","تطوير: " & 'الواجهة الرئيسية'!D8 & " و " & 'الواجهة الرئيسية'!H8,"إثراء: " & 'الواجهة الرئيسية'!H20 & " و " & 'الواجهة الرئيسية'!J20)) | F11: =IF(C11="ضعيف","تدريبات مكثفة – نماذج سابقة",IF(C11="متوسط","أنشطة تفاعلية – أوراق عمل","مشاريع بحثية – مسابقات نافس"))
A12: 8 | B12: ='قاعدة الأسماء'!B12 | C12: ='الاختبار القبلي'!O13 | D12: =IF(C12="ضعيف","خطة علاجية",IF(C12="متوسط","خطة تطويرية","خطة إثرائية")) | E12: =IF(C12="ضعيف","تركيز على: " & 'الواجهة الرئيسية'!B8 & " و " & 'الواجهة الرئيسية'!F8,IF(C12="متوسط","تطوير: " & 'الواجهة الرئيسية'!D8 & " و " & 'الواجهة الرئيسية'!H8,"إثراء: " & 'الواجهة الرئيسية'!H20 & " و " & 'الواجهة الرئيسية'!J20)) | F12: =IF(C12="ضعيف","تدريبات مكثفة – نماذج سابقة",IF(C12="متوسط","أنشطة تفاعلية – أوراق عمل","مشاريع بحثية – مسابقات نافس"))
A13: 9 | B13: ='قاعدة الأسماء'!B13 | C13: ='الاختبار القبلي'!O14 | D13: =IF(C13="ضعيف","خطة علاجية",IF(C13="متوسط","خطة تطويرية","خطة إثرائية")) | E13: =IF(C13="ضعيف","تركيز على: " & 'الواجهة الرئيسية'!B8 & " و " & 'الواجهة الرئيسية'!F8,IF(C13="متوسط","تطوير: " & 'الواجهة الرئيسية'!D8 & " و " & 'الواجهة الرئيسية'!H8,"إثراء: " & 'الواجهة الرئيسية'!H20 & " و " & 'الواجهة الرئيسية'!J20)) | F13: =IF(C13="ضعيف","تدريبات مكثفة – نماذج سابقة",IF(C13="متوسط","أنشطة تفاعلية – أوراق عمل","مشاريع بحثية – مسابقات نافس"))
A14: 10 | B14: ='قاعدة الأسماء'!B14 | C14: ='الاختبار القبلي'!O15 | D14: =IF(C14="ضعيف","خطة علاجية",IF(C14="متوسط","خطة تطويرية","خطة إثرائية")) | E14: =IF(C14="ضعيف","تركيز على: " & 'الواجهة الرئيسية'!B8 & " و " & 'الواجهة الرئيسية'!F8,IF(C14="متوسط","تطوير: " & 'الواجهة الرئيسية'!D8 & " و " & 'الواجهة الرئيسية'!H8,"إثراء: " & 'الواجهة الرئيسية'!H20 & " و " & 'الواجهة الرئيسية'!J20)) | F14: =IF(C14="ضعيف","تدريبات مكثفة – نماذج سابقة",IF(C14="متوسط","أنشطة تفاعلية – أوراق عمل","مشاريع بحثية – مسابقات نافس"))
A15: 11 | B15: ='قاعدة الأسماء'!B15 | C15: ='الاختبار القبلي'!O16 | D15: =IF(C15="ضعيف","خطة علاجية",IF(C15="متوسط","خطة تطويرية","خطة إثرائية")) | E15: =IF(C15="ضعيف","تركيز على: " & 'الواجهة الرئيسية'!B8 & " و " & 'الواجهة الرئيسية'!F8,IF(C15="متوسط","تطوير: " & 'الواجهة الرئيسية'!D8 & " و " & 'الواجهة الرئيسية'!H8,"إثراء: " & 'الواجهة الرئيسية'!H20 & " و " & 'الواجهة الرئيسية'!J20)) | F15: =IF(C15="ضعيف","تدريبات مكثفة – نماذج سابقة",IF(C15="متوسط","أنشطة تفاعلية – أوراق عمل","مشاريع بحثية – مسابقات نافس"))
A16: 12 | B16: ='قاعدة الأسماء'!B16 | C16: ='الاختبار القبلي'!O17 | D16: =IF(C16="ضعيف","خطة علاجية",IF(C16="متوسط","خطة تطويرية","خطة إثرائية")) | E16: =IF(C16="ضعيف","تركيز على: " & 'الواجهة الرئيسية'!B8 & " و " & 'الواجهة الرئيسية'!F8,IF(C16="متوسط","تطوير: " & 'الواجهة الرئيسية'!D8 & " و " & 'الواجهة الرئيسية'!H8,"إثراء: " & 'الواجهة الرئيسية'!H20 & " و " & 'الواجهة الرئيسية'!J20)) | F16: =IF(C16="ضعيف","تدريبات مكثفة – نماذج سابقة",IF(C16="متوسط","أنشطة تفاعلية – أوراق عمل","مشاريع بحثية – مسابقات نافس"))
A17: 13 | B17: ='قاعدة الأسماء'!B17 | C17: ='الاختبار القبلي'!O18 | D17: =IF(C17="ضعيف","خطة علاجية",IF(C17="متوسط","خطة تطويرية","خطة إثرائية")) | E17: =IF(C17="ضعيف","تركيز على: " & 'الواجهة الرئيسية'!B8 & " و " & 'الواجهة الرئيسية'!F8,IF(C17="متوسط","تطوير: " & 'الواجهة الرئيسية'!D8 & " و " & 'الواجهة الرئيسية'!H8,"إثراء: " & 'الواجهة الرئيسية'!H20 & " و " & 'الواجهة الرئيسية'!J20)) | F17: =IF(C17="ضعيف","تدريبات مكثفة – نماذج سابقة",IF(C17="متوسط","أنشطة تفاعلية – أوراق عمل","مشاريع بحثية – مسابقات نافس"))
A18: 14 | B18: ='قاعدة الأسماء'!B18 | C18: ='الاختبار القبلي'!O19 | D18: =IF(C18="ضعيف","خطة علاجية",IF(C18="متوسط","خطة تطويرية","خطة إثرائية")) | E18: =IF(C18="ضعيف","تركيز على: " & 'الواجهة الرئيسية'!B8 & " و " & 'الواجهة الرئيسية'!F8,IF(C18="متوسط","تطوير: " & 'الواجهة الرئيسية'!D8 & " و " & 'الواجهة الرئيسية'!H8,"إثراء: " & 'الواجهة الرئيسية'!H20 & " و " & 'الواجهة الرئيسية'!J20)) | F18: =IF(C18="ضعيف","تدريبات مكثفة – نماذج سابقة",IF(C18="متوسط","أنشطة تفاعلية – أوراق عمل","مشاريع بحثية – مسابقات نافس"))
A19: 15 | B19: ='قاعدة الأسماء'!B19 | C19: ='الاختبار القبلي'!O20 | D19: =IF(C19="ضعيف","خطة علاجية",IF(C19="متوسط","خطة تطويرية","خطة إثرائية")) | E19: =IF(C19="ضعيف","تركيز على: " & 'الواجهة الرئيسية'!B8 & " و " & 'الواجهة الرئيسية'!F8,IF(C19="متوسط","تطوير: " & 'الواجهة الرئيسية'!D8 & " و " & 'الواجهة الرئيسية'!H8,"إثراء: " & 'الواجهة الرئيسية'!H20 & " و " & 'الواجهة الرئيسية'!J20)) | F19: =IF(C19="ضعيف","تدريبات مكثفة – نماذج سابقة",IF(C19="متوسط","أنشطة تفاعلية – أوراق عمل","مشاريع بحثية – مسابقات نافس"))
A20: 16 | B20: ='قاعدة الأسماء'!B20 | C20: ='الاختبار القبلي'!O21 | D20: =IF(C20="ضعيف","خطة علاجية",IF(C20="متوسط","خطة تطويرية","خطة إثرائية")) | E20: =IF(C20="ضعيف","تركيز على: " & 'الواجهة الرئيسية'!B8 & " و " & 'الواجهة الرئيسية'!F8,IF(C20="متوسط","تطوير: " & 'الواجهة الرئيسية'!D8 & " و " & 'الواجهة الرئيسية'!H8,"إثراء: " & 'الواجهة الرئيسية'!H20 & " و " & 'الواجهة الرئيسية'!J20)) | F20: =IF(C20="ضعيف","تدريبات مكثفة – نماذج سابقة",IF(C20="متوسط","أنشطة تفاعلية – أوراق عمل","مشاريع بحثية – مسابقات نافس"))
A21: 17 | B21: ='قاعدة الأسماء'!B21 | C21: ='الاختبار القبلي'!O22 | D21: =IF(C21="ضعيف","خطة علاجية",IF(C21="متوسط","خطة تطويرية","خطة إثرائية")) | E21: =IF(C21="ضعيف","تركيز على: " & 'الواجهة الرئيسية'!B8 & " و " & 'الواجهة الرئيسية'!F8,IF(C21="متوسط","تطوير: " & 'الواجهة الرئيسية'!D8 & " و " & 'الواجهة الرئيسية'!H8,"إثراء: " & 'الواجهة الرئيسية'!H20 & " و " & 'الواجهة الرئيسية'!J20)) | F21: =IF(C21="ضعيف","تدريبات مكثفة – نماذج سابقة",IF(C21="متوسط","أنشطة تفاعلية – أوراق عمل","مشاريع بحثية – مسابقات نافس"))
A22: 18 | B22: ='قاعدة الأسماء'!B22 | C22: ='الاختبار القبلي'!O23 | D22: =IF(C22="ضعيف","خطة علاجية",IF(C22="متوسط","خطة تطويرية","خطة إثرائية")) | E22: =IF(C22="ضعيف","تركيز على: " & 'الواجهة الرئيسية'!B8 & " و " & 'الواجهة الرئيسية'!F8,IF(C22="متوسط","تطوير: " & 'الواجهة الرئيسية'!D8 & " و " & 'الواجهة الرئيسية'!H8,"إثراء: " & 'الواجهة الرئيسية'!H20 & " و " & 'الواجهة الرئيسية'!J20)) | F22: =IF(C22="ضعيف","تدريبات مكثفة – نماذج سابقة",IF(C22="متوسط","أنشطة تفاعلية – أوراق عمل","مشاريع بحثية – مسابقات نافس"))
A23: 19 | B23: ='قاعدة الأسماء'!B23 | C23: ='الاختبار القبلي'!O24 | D23: =IF(C23="ضعيف","خطة علاجية",IF(C23="متوسط","خطة تطويرية","خطة إثرائية")) | E23: =IF(C23="ضعيف","تركيز على: " & 'الواجهة الرئيسية'!B8 & " و " & 'الواجهة الرئيسية'!F8,IF(C23="متوسط","تطوير: " & 'الواجهة الرئيسية'!D8 & " و " & 'الواجهة الرئيسية'!H8,"إثراء: " & 'الواجهة الرئيسية'!H20 & " و " & 'الواجهة الرئيسية'!J20)) | F23: =IF(C23="ضعيف","تدريبات مكثفة – نماذج سابقة",IF(C23="متوسط","أنشطة تفاعلية – أوراق عمل","مشاريع بحثية – مسابقات نافس"))
A24: 20 | B24: ='قاعدة الأسماء'!B24 | C24: ='الاختبار القبلي'!O25 | D24: =IF(C24="ضعيف","خطة علاجية",IF(C24="متوسط","خطة تطويرية","خطة إثرائية")) | E24: =IF(C24="ضعيف","تركيز على: " & 'الواجهة الرئيسية'!B8 & " و " & 'الواجهة الرئيسية'!F8,IF(C24="متوسط","تطوير: " & 'الواجهة الرئيسية'!D8 & " و " & 'الواجهة الرئيسية'!H8,"إثراء: " & 'الواجهة الرئيسية'!H20 & " و " & 'الواجهة الرئيسية'!J20)) | F24: =IF(C24="ضعيف","تدريبات مكثفة – نماذج سابقة",IF(C24="متوسط","أنشطة تفاعلية – أوراق عمل","مشاريع بحثية – مسابقات نافس"))
A25: 21 | B25: ='قاعدة الأسماء'!B25 | C25: ='الاختبار القبلي'!O26 | D25: =IF(C25="ضعيف","خطة علاجية",IF(C25="متوسط","خطة تطويرية","خطة إثرائية")) | E25: =IF(C25="ضعيف","تركيز على: " & 'الواجهة الرئيسية'!B8 & " و " & 'الواجهة الرئيسية'!F8,IF(C25="متوسط","تطوير: " & 'الواجهة الرئيسية'!D8 & " و " & 'الواجهة الرئيسية'!H8,"إثراء: " & 'الواجهة الرئيسية'!H20 & " و " & 'الواجهة الرئيسية'!J20)) | F25: =IF(C25="ضعيف","تدريبات مكثفة – نماذج سابقة",IF(C25="متوسط","أنشطة تفاعلية – أوراق عمل","مشاريع بحثية – مسابقات نافس"))
A26: 22 | B26: ='قاعدة الأسماء'!B26 | C26: ='الاختبار القبلي'!O27 | D26: =IF(C26="ضعيف","خطة علاجية",IF(C26="متوسط","خطة تطويرية","خطة إثرائية")) | E26: =IF(C26="ضعيف","تركيز على: " & 'الواجهة الرئيسية'!B8 & " و " & 'الواجهة الرئيسية'!F8,IF(C26="متوسط","تطوير: " & 'الواجهة الرئيسية'!D8 & " و " & 'الواجهة الرئيسية'!H8,"إثراء: " & 'الواجهة الرئيسية'!H20 & " و " & 'الواجهة الرئيسية'!J20)) | F26: =IF(C26="ضعيف","تدريبات مكثفة – نماذج سابقة",IF(C26="متوسط","أنشطة تفاعلية – أوراق عمل","مشاريع بحثية – مسابقات نافس"))
A27: 23 | B27: ='قاعدة الأسماء'!B27 | C27: ='الاختبار القبلي'!O28 | D27: =IF(C27="ضعيف","خطة علاجية",IF(C27="متوسط","خطة تطويرية","خطة إثرائية")) | E27: =IF(C27="ضعيف","تركيز على: " & 'الواجهة الرئيسية'!B8 & " و " & 'الواجهة الرئيسية'!F8,IF(C27="متوسط","تطوير: " & 'الواجهة الرئيسية'!D8 & " و " & 'الواجهة الرئيسية'!H8,"إثراء: " & 'الواجهة الرئيسية'!H20 & " و " & 'الواجهة الرئيسية'!J20)) | F27: =IF(C27="ضعيف","تدريبات مكثفة – نماذج سابقة",IF(C27="متوسط","أنشطة تفاعلية – أوراق عمل","مشاريع بحثية – مسابقات نافس"))
A28: 24 | B28: ='قاعدة الأسماء'!B28 | C28: ='الاختبار القبلي'!O29 | D28: =IF(C28="ضعيف","خطة علاجية",IF(C28="متوسط","خطة تطويرية","خطة إثرائية")) | E28: =IF(C28="ضعيف","تركيز على: " & 'الواجهة الرئيسية'!B8 & " و " & 'الواجهة الرئيسية'!F8,IF(C28="متوسط","تطوير: " & 'الواجهة الرئيسية'!D8 & " و " & 'الواجهة الرئيسية'!H8,"إثراء: " & 'الواجهة الرئيسية'!H20 & " و " & 'الواجهة الرئيسية'!J20)) | F28: =IF(C28="ضعيف","تدريبات مكثفة – نماذج سابقة",IF(C28="متوسط","أنشطة تفاعلية – أوراق عمل","مشاريع بحثية – مسابقات نافس"))
A29: 25 | B29: ='قاعدة الأسماء'!B29 | C29: ='الاختبار القبلي'!O30 | D29: =IF(C29="ضعيف","خطة علاجية",IF(C29="متوسط","خطة تطويرية","خطة إثرائية")) | E29: =IF(C29="ضعيف","تركيز على: " & 'الواجهة الرئيسية'!B8 & " و " & 'الواجهة الرئيسية'!F8,IF(C29="متوسط","تطوير: " & 'الواجهة الرئيسية'!D8 & " و " & 'الواجهة الرئيسية'!H8,"إثراء: " & 'الواجهة الرئيسية'!H20 & " و " & 'الواجهة الرئيسية'!J20)) | F29: =IF(C29="ضعيف","تدريبات مكثفة – نماذج سابقة",IF(C29="متوسط","أنشطة تفاعلية – أوراق عمل","مشاريع بحثية – مسابقات نافس"))
A30: 26 | B30: ='قاعدة الأسماء'!B30 | C30: ='الاختبار القبلي'!O31 | D30: =IF(C30="ضعيف","خطة علاجية",IF(C30="متوسط","خطة تطويرية","خطة إثرائية")) | E30: =IF(C30="ضعيف","تركيز على: " & 'الواجهة الرئيسية'!B8 & " و " & 'الواجهة الرئيسية'!F8,IF(C30="متوسط","تطوير: " & 'الواجهة الرئيسية'!D8 & " و " & 'الواجهة الرئيسية'!H8,"إثراء: " & 'الواجهة الرئيسية'!H20 & " و " & 'الواجهة الرئيسية'!J20)) | F30: =IF(C30="ضعيف","تدريبات مكثفة – نماذج سابقة",IF(C30="متوسط","أنشطة تفاعلية – أوراق عمل","مشاريع بحثية – مسابقات نافس"))
A31: 27 | B31: ='قاعدة الأسماء'!B31 | C31: ='الاختبار القبلي'!O32 | D31: =IF(C31="ضعيف","خطة علاجية",IF(C31="متوسط","خطة تطويرية","خطة إثرائية")) | E31: =IF(C31="ضعيف","تركيز على: " & 'الواجهة الرئيسية'!B8 & " و " & 'الواجهة الرئيسية'!F8,IF(C31="متوسط","تطوير: " & 'الواجهة الرئيسية'!D8 & " و " & 'الواجهة الرئيسية'!H8,"إثراء: " & 'الواجهة الرئيسية'!H20 & " و " & 'الواجهة الرئيسية'!J20)) | F31: =IF(C31="ضعيف","تدريبات مكثفة – نماذج سابقة",IF(C31="متوسط","أنشطة تفاعلية – أوراق عمل","مشاريع بحثية – مسابقات نافس"))
A32: 28 | B32: ='قاعدة الأسماء'!B32 | C32: ='الاختبار القبلي'!O33 | D32: =IF(C32="ضعيف","خطة علاجية",IF(C32="متوسط","خطة تطويرية","خطة إثرائية")) | E32: =IF(C32="ضعيف","تركيز على: " & 'الواجهة الرئيسية'!B8 & " و " & 'الواجهة الرئيسية'!F8,IF(C32="متوسط","تطوير: " & 'الواجهة الرئيسية'!D8 & " و " & 'الواجهة الرئيسية'!H8,"إثراء: " & 'الواجهة الرئيسية'!H20 & " و " & 'الواجهة الرئيسية'!J20)) | F32: =IF(C32="ضعيف","تدريبات مكثفة – نماذج سابقة",IF(C32="متوسط","أنشطة تفاعلية – أوراق عمل","مشاريع بحثية – مسابقات نافس"))
A33: 29 | B33: ='قاعدة الأسماء'!B33 | C33: ='الاختبار القبلي'!O34 | D33: =IF(C33="ضعيف","خطة علاجية",IF(C33="متوسط","خطة تطويرية","خطة إثرائية")) | E33: =IF(C33="ضعيف","تركيز على: " & 'الواجهة الرئيسية'!B8 & " و " & 'الواجهة الرئيسية'!F8,IF(C33="متوسط","تطوير: " & 'الواجهة الرئيسية'!D8 & " و " & 'الواجهة الرئيسية'!H8,"إثراء: " & 'الواجهة الرئيسية'!H20 & " و " & 'الواجهة الرئيسية'!J20)) | F33: =IF(C33="ضعيف","تدريبات مكثفة – نماذج سابقة",IF(C33="متوسط","أنشطة تفاعلية – أوراق عمل","مشاريع بحثية – مسابقات نافس"))
A34: 30 | B34: ='قاعدة الأسماء'!B34 | C34: ='الاختبار القبلي'!O35 | D34: =IF(C34="ضعيف","خطة علاجية",IF(C34="متوسط","خطة تطويرية","خطة إثرائية")) | E34: =IF(C34="ضعيف","تركيز على: " & 'الواجهة الرئيسية'!B8 & " و " & 'الواجهة الرئيسية'!F8,IF(C34="متوسط","تطوير: " & 'الواجهة الرئيسية'!D8 & " و " & 'الواجهة الرئيسية'!H8,"إثراء: " & 'الواجهة الرئيسية'!H20 & " و " & 'الواجهة الرئيسية'!J20)) | F34: =IF(C34="ضعيف","تدريبات مكثفة – نماذج سابقة",IF(C34="متوسط","أنشطة تفاعلية – أوراق عمل","مشاريع بحثية – مسابقات نافس"))
A35: 31 | B35: ='قاعدة الأسماء'!B35 | C35: ='الاختبار القبلي'!O36 | D35: =IF(C35="ضعيف","خطة علاجية",IF(C35="متوسط","خطة تطويرية","خطة إثرائية")) | E35: =IF(C35="ضعيف","تركيز على: " & 'الواجهة الرئيسية'!B8 & " و " & 'الواجهة الرئيسية'!F8,IF(C35="متوسط","تطوير: " & 'الواجهة الرئيسية'!D8 & " و " & 'الواجهة الرئيسية'!H8,"إثراء: " & 'الواجهة الرئيسية'!H20 & " و " & 'الواجهة الرئيسية'!J20)) | F35: =IF(C35="ضعيف","تدريبات مكثفة – نماذج سابقة",IF(C35="متوسط","أنشطة تفاعلية – أوراق عمل","مشاريع بحثية – مسابقات نافس"))
A36: 32 | B36: ='قاعدة الأسماء'!B36 | C36: ='الاختبار القبلي'!O37 | D36: =IF(C36="ضعيف","خطة علاجية",IF(C36="متوسط","خطة تطويرية","خطة إثرائية")) | E36: =IF(C36="ضعيف","تركيز على: " & 'الواجهة الرئيسية'!B8 & " و " & 'الواجهة الرئيسية'!F8,IF(C36="متوسط","تطوير: " & 'الواجهة الرئيسية'!D8 & " و " & 'الواجهة الرئيسية'!H8,"إثراء: " & 'الواجهة الرئيسية'!H20 & " و " & 'الواجهة الرئيسية'!J20)) | F36: =IF(C36="ضعيف","تدريبات مكثفة – نماذج سابقة",IF(C36="متوسط","أنشطة تفاعلية – أوراق عمل","مشاريع بحثية – مسابقات نافس"))
A37: 33 | B37: ='قاعدة الأسماء'!B37 | C37: ='الاختبار القبلي'!O38 | D37: =IF(C37="ضعيف","خطة علاجية",IF(C37="متوسط","خطة تطويرية","خطة إثرائية")) | E37: =IF(C37="ضعيف","تركيز على: " & 'الواجهة الرئيسية'!B8 & " و " & 'الواجهة الرئيسية'!F8,IF(C37="متوسط","تطوير: " & 'الواجهة الرئيسية'!D8 & " و " & 'الواجهة الرئيسية'!H8,"إثراء: " & 'الواجهة الرئيسية'!H20 & " و " & 'الواجهة الرئيسية'!J20)) | F37: =IF(C37="ضعيف","تدريبات مكثفة – نماذج سابقة",IF(C37="متوسط","أنشطة تفاعلية – أوراق عمل","مشاريع بحثية – مسابقات نافس"))
A38: 34 | B38: ='قاعدة الأسماء'!B38 | C38: ='الاختبار القبلي'!O39 | D38: =IF(C38="ضعيف","خطة علاجية",IF(C38="متوسط","خطة تطويرية","خطة إثرائية")) | E38: =IF(C38="ضعيف","تركيز على: " & 'الواجهة الرئيسية'!B8 & " و " & 'الواجهة الرئيسية'!F8,IF(C38="متوسط","تطوير: " & 'الواجهة الرئيسية'!D8 & " و " & 'الواجهة الرئيسية'!H8,"إثراء: " & 'الواجهة الرئيسية'!H20 & " و " & 'الواجهة الرئيسية'!J20)) | F38: =IF(C38="ضعيف","تدريبات مكثفة – نماذج سابقة",IF(C38="متوسط","أنشطة تفاعلية – أوراق عمل","مشاريع بحثية – مسابقات نافس"))
A39: 35 | B39: ='قاعدة الأسماء'!B39 | C39: ='الاختبار القبلي'!O40 | D39: =IF(C39="ضعيف","خطة علاجية",IF(C39="متوسط","خطة تطويرية","خطة إثرائية")) | E39: =IF(C39="ضعيف","تركيز على: " & 'الواجهة الرئيسية'!B8 & " و " & 'الواجهة الرئيسية'!F8,IF(C39="متوسط","تطوير: " & 'الواجهة الرئيسية'!D8 & " و " & 'الواجهة الرئيسية'!H8,"إثراء: " & 'الواجهة الرئيسية'!H20 & " و " & 'الواجهة الرئيسية'!J20)) | F39: =IF(C39="ضعيف","تدريبات مكثفة – نماذج سابقة",IF(C39="متوسط","أنشطة تفاعلية – أوراق عمل","مشاريع بحثية – مسابقات نافس"))
A40: 36 | B40: ='قاعدة الأسماء'!B40 | C40: ='الاختبار القبلي'!O41 | D40: =IF(C40="ضعيف","خطة علاجية",IF(C40="متوسط","خطة تطويرية","خطة إثرائية")) | E40: =IF(C40="ضعيف","تركيز على: " & 'الواجهة الرئيسية'!B8 & " و " & 'الواجهة الرئيسية'!F8,IF(C40="متوسط","تطوير: " & 'الواجهة الرئيسية'!D8 & " و " & 'الواجهة الرئيسية'!H8,"إثراء: " & 'الواجهة الرئيسية'!H20 & " و " & 'الواجهة الرئيسية'!J20)) | F40: =IF(C40="ضعيف","تدريبات مكثفة – نماذج سابقة",IF(C40="متوسط","أنشطة تفاعلية – أوراق عمل","مشاريع بحثية – مسابقات نافس"))
A41: 37 | B41: ='قاعدة الأسماء'!B41 | C41: ='الاختبار القبلي'!O42 | D41: =IF(C41="ضعيف","خطة علاجية",IF(C41="متوسط","خطة تطويرية","خطة إثرائية")) | E41: =IF(C41="ضعيف","تركيز على: " & 'الواجهة الرئيسية'!B8 & " و " & 'الواجهة الرئيسية'!F8,IF(C41="متوسط","تطوير: " & 'الواجهة الرئيسية'!D8 & " و " & 'الواجهة الرئيسية'!H8,"إثراء: " & 'الواجهة الرئيسية'!H20 & " و " & 'الواجهة الرئيسية'!J20)) | F41: =IF(C41="ضعيف","تدريبات مكثفة – نماذج سابقة",IF(C41="متوسط","أنشطة تفاعلية – أوراق عمل","مشاريع بحثية – مسابقات نافس"))
A42: 38 | B42: ='قاعدة الأسماء'!B42 | C42: ='الاختبار القبلي'!O43 | D42: =IF(C42="ضعيف","خطة علاجية",IF(C42="متوسط","خطة تطويرية","خطة إثرائية")) | E42: =IF(C42="ضعيف","تركيز على: " & 'الواجهة الرئيسية'!B8 & " و " & 'الواجهة الرئيسية'!F8,IF(C42="متوسط","تطوير: " & 'الواجهة الرئيسية'!D8 & " و " & 'الواجهة الرئيسية'!H8,"إثراء: " & 'الواجهة الرئيسية'!H20 & " و " & 'الواجهة الرئيسية'!J20)) | F42: =IF(C42="ضعيف","تدريبات مكثفة – نماذج سابقة",IF(C42="متوسط","أنشطة تفاعلية – أوراق عمل","مشاريع بحثية – مسابقات نافس"))
A43: 39 | B43: ='قاعدة الأسماء'!B43 | C43: ='الاختبار القبلي'!O44 | D43: =IF(C43="ضعيف","خطة علاجية",IF(C43="متوسط","خطة تطويرية","خطة إثرائية")) | E43: =IF(C43="ضعيف","تركيز على: " & 'الواجهة الرئيسية'!B8 & " و " & 'الواجهة الرئيسية'!F8,IF(C43="متوسط","تطوير: " & 'الواجهة الرئيسية'!D8 & " و " & 'الواجهة الرئيسية'!H8,"إثراء: " & 'الواجهة الرئيسية'!H20 & " و " & 'الواجهة الرئيسية'!J20)) | F43: =IF(C43="ضعيف","تدريبات مكثفة – نماذج سابقة",IF(C43="متوسط","أنشطة تفاعلية – أوراق عمل","مشاريع بحثية – مسابقات نافس"))
A44: 40 | B44: ='قاعدة الأسماء'!B44 | C44: ='الاختبار القبلي'!O45 | D44: =IF(C44="ضعيف","خطة علاجية",IF(C44="متوسط","خطة تطويرية","خطة إثرائية")) | E44: =IF(C44="ضعيف","تركيز على: " & 'الواجهة الرئيسية'!B8 & " و " & 'الواجهة الرئيسية'!F8,IF(C44="متوسط","تطوير: " & 'الواجهة الرئيسية'!D8 & " و " & 'الواجهة الرئيسية'!H8,"إثراء: " & 'الواجهة الرئيسية'!H20 & " و " & 'الواجهة الرئيسية'!J20)) | F44: =IF(C44="ضعيف","تدريبات مكثفة – نماذج سابقة",IF(C44="متوسط","أنشطة تفاعلية – أوراق عمل","مشاريع بحثية – مسابقات نافس"))
A45: 41 | B45: ='قاعدة الأسماء'!B45 | C45: ='الاختبار القبلي'!O46 | D45: =IF(C45="ضعيف","خطة علاجية",IF(C45="متوسط","خطة تطويرية","خطة إثرائية")) | E45: =IF(C45="ضعيف","تركيز على: " & 'الواجهة الرئيسية'!B8 & " و " & 'الواجهة الرئيسية'!F8,IF(C45="متوسط","تطوير: " & 'الواجهة الرئيسية'!D8 & " و " & 'الواجهة الرئيسية'!H8,"إثراء: " & 'الواجهة الرئيسية'!H20 & " و " & 'الواجهة الرئيسية'!J20)) | F45: =IF(C45="ضعيف","تدريبات مكثفة – نماذج سابقة",IF(C45="متوسط","أنشطة تفاعلية – أوراق عمل","مشاريع بحثية – مسابقات نافس"))
A46: 42 | B46: ='قاعدة الأسماء'!B46 | C46: ='الاختبار القبلي'!O47 | D46: =IF(C46="ضعيف","خطة علاجية",IF(C46="متوسط","خطة تطويرية","خطة إثرائية")) | E46: =IF(C46="ضعيف","تركيز على: " & 'الواجهة الرئيسية'!B8 & " و " & 'الواجهة الرئيسية'!F8,IF(C46="متوسط","تطوير: " & 'الواجهة الرئيسية'!D8 & " و " & 'الواجهة الرئيسية'!H8,"إثراء: " & 'الواجهة الرئيسية'!H20 & " و " & 'الواجهة الرئيسية'!J20)) | F46: =IF(C46="ضعيف","تدريبات مكثفة – نماذج سابقة",IF(C46="متوسط","أنشطة تفاعلية – أوراق عمل","مشاريع بحثية – مسابقات نافس"))
A47: 43 | B47: ='قاعدة الأسماء'!B47 | C47: ='الاختبار القبلي'!O48 | D47: =IF(C47="ضعيف","خطة علاجية",IF(C47="متوسط","خطة تطويرية","خطة إثرائية")) | E47: =IF(C47="ضعيف","تركيز على: " & 'الواجهة الرئيسية'!B8 & " و " & 'الواجهة الرئيسية'!F8,IF(C47="متوسط","تطوير: " & 'الواجهة الرئيسية'!D8 & " و " & 'الواجهة الرئيسية'!H8,"إثراء: " & 'الواجهة الرئيسية'!H20 & " و " & 'الواجهة الرئيسية'!J20)) | F47: =IF(C47="ضعيف","تدريبات مكثفة – نماذج سابقة",IF(C47="متوسط","أنشطة تفاعلية – أوراق عمل","مشاريع بحثية – مسابقات نافس"))
A48: 44 | B48: ='قاعدة الأسماء'!B48 | C48: ='الاختبار القبلي'!O49 | D48: =IF(C48="ضعيف","خطة علاجية",IF(C48="متوسط","خطة تطويرية","خطة إثرائية")) | E48: =IF(C48="ضعيف","تركيز على: " & 'الواجهة الرئيسية'!B8 & " و " & 'الواجهة الرئيسية'!F8,IF(C48="متوسط","تطوير: " & 'الواجهة الرئيسية'!D8 & " و " & 'الواجهة الرئيسية'!H8,"إثراء: " & 'الواجهة الرئيسية'!H20 & " و " & 'الواجهة الرئيسية'!J20)) | F48: =IF(C48="ضعيف","تدريبات مكثفة – نماذج سابقة",IF(C48="متوسط","أنشطة تفاعلية – أوراق عمل","مشاريع بحثية – مسابقات نافس"))
A49: 45 | B49: ='قاعدة الأسماء'!B49 | C49: ='الاختبار القبلي'!O50 | D49: =IF(C49="ضعيف","خطة علاجية",IF(C49="متوسط","خطة تطويرية","خطة إثرائية")) | E49: =IF(C49="ضعيف","تركيز على: " & 'الواجهة الرئيسية'!B8 & " و " & 'الواجهة الرئيسية'!F8,IF(C49="متوسط","تطوير: " & 'الواجهة الرئيسية'!D8 & " و " & 'الواجهة الرئيسية'!H8,"إثراء: " & 'الواجهة الرئيسية'!H20 & " و " & 'الواجهة الرئيسية'!J20)) | F49: =IF(C49="ضعيف","تدريبات مكثفة – نماذج سابقة",IF(C49="متوسط","أنشطة تفاعلية – أوراق عمل","مشاريع بحثية – مسابقات نافس"))
A50: 46 | B50: ='قاعدة الأسماء'!B50 | C50: ='الاختبار القبلي'!O51 | D50: =IF(C50="ضعيف","خطة علاجية",IF(C50="متوسط","خطة تطويرية","خطة إثرائية")) | E50: =IF(C50="ضعيف","تركيز على: " & 'الواجهة الرئيسية'!B8 & " و " & 'الواجهة الرئيسية'!F8,IF(C50="متوسط","تطوير: " & 'الواجهة الرئيسية'!D8 & " و " & 'الواجهة الرئيسية'!H8,"إثراء: " & 'الواجهة الرئيسية'!H20 & " و " & 'الواجهة الرئيسية'!J20)) | F50: =IF(C50="ضعيف","تدريبات مكثفة – نماذج سابقة",IF(C50="متوسط","أنشطة تفاعلية – أوراق عمل","مشاريع بحثية – مسابقات نافس"))
A51: 47 | B51: ='قاعدة الأسماء'!B51 | C51: ='الاختبار القبلي'!O52 | D51: =IF(C51="ضعيف","خطة علاجية",IF(C51="متوسط","خطة تطويرية","خطة إثرائية")) | E51: =IF(C51="ضعيف","تركيز على: " & 'الواجهة الرئيسية'!B8 & " و " & 'الواجهة الرئيسية'!F8,IF(C51="متوسط","تطوير: " & 'الواجهة الرئيسية'!D8 & " و " & 'الواجهة الرئيسية'!H8,"إثراء: " & 'الواجهة الرئيسية'!H20 & " و " & 'الواجهة الرئيسية'!J20)) | F51: =IF(C51="ضعيف","تدريبات مكثفة – نماذج سابقة",IF(C51="متوسط","أنشطة تفاعلية – أوراق عمل","مشاريع بحثية – مسابقات نافس"))
A52: 48 | B52: ='قاعدة الأسماء'!B52 | C52: ='الاختبار القبلي'!O53 | D52: =IF(C52="ضعيف","خطة علاجية",IF(C52="متوسط","خطة تطويرية","خطة إثرائية")) | E52: =IF(C52="ضعيف","تركيز على: " & 'الواجهة الرئيسية'!B8 & " و " & 'الواجهة الرئيسية'!F8,IF(C52="متوسط","تطوير: " & 'الواجهة الرئيسية'!D8 & " و " & 'الواجهة الرئيسية'!H8,"إثراء: " & 'الواجهة الرئيسية'!H20 & " و " & 'الواجهة الرئيسية'!J20)) | F52: =IF(C52="ضعيف","تدريبات مكثفة – نماذج سابقة",IF(C52="متوسط","أنشطة تفاعلية – أوراق عمل","مشاريع بحثية – مسابقات نافس"))
A53: 49 | B53: ='قاعدة الأسماء'!B53 | C53: ='الاختبار القبلي'!O54 | D53: =IF(C53="ضعيف","خطة علاجية",IF(C53="متوسط","خطة تطويرية","خطة إثرائية")) | E53: =IF(C53="ضعيف","تركيز على: " & 'الواجهة الرئيسية'!B8 & " و " & 'الواجهة الرئيسية'!F8,IF(C53="متوسط","تطوير: " & 'الواجهة الرئيسية'!D8 & " و " & 'الواجهة الرئيسية'!H8,"إثراء: " & 'الواجهة الرئيسية'!H20 & " و " & 'الواجهة الرئيسية'!J20)) | F53: =IF(C53="ضعيف","تدريبات مكثفة – نماذج سابقة",IF(C53="متوسط","أنشطة تفاعلية – أوراق عمل","مشاريع بحثية – مسابقات نافس"))
A54: 50 | B54: ='قاعدة الأسماء'!B54 | C54: ='الاختبار القبلي'!O55 | D54: =IF(C54="ضعيف","خطة علاجية",IF(C54="متوسط","خطة تطويرية","خطة إثرائية")) | E54: =IF(C54="ضعيف","تركيز على: " & 'الواجهة الرئيسية'!B8 & " و " & 'الواجهة الرئيسية'!F8,IF(C54="متوسط","تطوير: " & 'الواجهة الرئيسية'!D8 & " و " & 'الواجهة الرئيسية'!H8,"إثراء: " & 'الواجهة الرئيسية'!H20 & " و " & 'الواجهة الرئيسية'!J20)) | F54: =IF(C54="ضعيف","تدريبات مكثفة – نماذج سابقة",IF(C54="متوسط","أنشطة تفاعلية – أوراق عمل","مشاريع بحثية – مسابقات نافس"))
A55: 51 | B55: ='قاعدة الأسماء'!B55 | C55: ='الاختبار القبلي'!O56 | D55: =IF(C55="ضعيف","خطة علاجية",IF(C55="متوسط","خطة تطويرية","خطة إثرائية")) | E55: =IF(C55="ضعيف","تركيز على: " & 'الواجهة الرئيسية'!B8 & " و " & 'الواجهة الرئيسية'!F8,IF(C55="متوسط","تطوير: " & 'الواجهة الرئيسية'!D8 & " و " & 'الواجهة الرئيسية'!H8,"إثراء: " & 'الواجهة الرئيسية'!H20 & " و " & 'الواجهة الرئيسية'!J20)) | F55: =IF(C55="ضعيف","تدريبات مكثفة – نماذج سابقة",IF(C55="متوسط","أنشطة تفاعلية – أوراق عمل","مشاريع بحثية – مسابقات نافس"))
A56: 52 | B56: ='قاعدة الأسماء'!B56 | C56: ='الاختبار القبلي'!O57 | D56: =IF(C56="ضعيف","خطة علاجية",IF(C56="متوسط","خطة تطويرية","خطة إثرائية")) | E56: =IF(C56="ضعيف","تركيز على: " & 'الواجهة الرئيسية'!B8 & " و " & 'الواجهة الرئيسية'!F8,IF(C56="متوسط","تطوير: " & 'الواجهة الرئيسية'!D8 & " و " & 'الواجهة الرئيسية'!H8,"إثراء: " & 'الواجهة الرئيسية'!H20 & " و " & 'الواجهة الرئيسية'!J20)) | F56: =IF(C56="ضعيف","تدريبات مكثفة – نماذج سابقة",IF(C56="متوسط","أنشطة تفاعلية – أوراق عمل","مشاريع بحثية – مسابقات نافس"))
A57: 53 | B57: ='قاعدة الأسماء'!B57 | C57: ='الاختبار القبلي'!O58 | D57: =IF(C57="ضعيف","خطة علاجية",IF(C57="متوسط","خطة تطويرية","خطة إثرائية")) | E57: =IF(C57="ضعيف","تركيز على: " & 'الواجهة الرئيسية'!B8 & " و " & 'الواجهة الرئيسية'!F8,IF(C57="متوسط","تطوير: " & 'الواجهة الرئيسية'!D8 & " و " & 'الواجهة الرئيسية'!H8,"إثراء: " & 'الواجهة الرئيسية'!H20 & " و " & 'الواجهة الرئيسية'!J20)) | F57: =IF(C57="ضعيف","تدريبات مكثفة – نماذج سابقة",IF(C57="متوسط","أنشطة تفاعلية – أوراق عمل","مشاريع بحثية – مسابقات نافس"))
A58: 54 | B58: ='قاعدة الأسماء'!B58 | C58: ='الاختبار القبلي'!O59 | D58: =IF(C58="ضعيف","خطة علاجية",IF(C58="متوسط","خطة تطويرية","خطة إثرائية")) | E58: =IF(C58="ضعيف","تركيز على: " & 'الواجهة الرئيسية'!B8 & " و " & 'الواجهة الرئيسية'!F8,IF(C58="متوسط","تطوير: " & 'الواجهة الرئيسية'!D8 & " و " & 'الواجهة الرئيسية'!H8,"إثراء: " & 'الواجهة الرئيسية'!H20 & " و " & 'الواجهة الرئيسية'!J20)) | F58: =IF(C58="ضعيف","تدريبات مكثفة – نماذج سابقة",IF(C58="متوسط","أنشطة تفاعلية – أوراق عمل","مشاريع بحثية – مسابقات نافس"))
A59: 55 | B59: ='قاعدة الأسماء'!B59 | C59: ='الاختبار القبلي'!O60 | D59: =IF(C59="ضعيف","خطة علاجية",IF(C59="متوسط","خطة تطويرية","خطة إثرائية")) | E59: =IF(C59="ضعيف","تركيز على: " & 'الواجهة الرئيسية'!B8 & " و " & 'الواجهة الرئيسية'!F8,IF(C59="متوسط","تطوير: " & 'الواجهة الرئيسية'!D8 & " و " & 'الواجهة الرئيسية'!H8,"إثراء: " & 'الواجهة الرئيسية'!H20 & " و " & 'الواجهة الرئيسية'!J20)) | F59: =IF(C59="ضعيف","تدريبات مكثفة – نماذج سابقة",IF(C59="متوسط","أنشطة تفاعلية – أوراق عمل","مشاريع بحثية – مسابقات نافس"))
A60: 56 | B60: ='قاعدة الأسماء'!B60 | C60: ='الاختبار القبلي'!O61 | D60: =IF(C60="ضعيف","خطة علاجية",IF(C60="متوسط","خطة تطويرية","خطة إثرائية")) | E60: =IF(C60="ضعيف","تركيز على: " & 'الواجهة الرئيسية'!B8 & " و " & 'الواجهة الرئيسية'!F8,IF(C60="متوسط","تطوير: " & 'الواجهة الرئيسية'!D8 & " و " & 'الواجهة الرئيسية'!H8,"إثراء: " & 'الواجهة الرئيسية'!H20 & " و " & 'الواجهة الرئيسية'!J20)) | F60: =IF(C60="ضعيف","تدريبات مكثفة – نماذج سابقة",IF(C60="متوسط","أنشطة تفاعلية – أوراق عمل","مشاريع بحثية – مسابقات نافس"))
A61: 57 | B61: ='قاعدة الأسماء'!B61 | C61: ='الاختبار القبلي'!O62 | D61: =IF(C61="ضعيف","خطة علاجية",IF(C61="متوسط","خطة تطويرية","خطة إثرائية")) | E61: =IF(C61="ضعيف","تركيز على: " & 'الواجهة الرئيسية'!B8 & " و " & 'الواجهة الرئيسية'!F8,IF(C61="متوسط","تطوير: " & 'الواجهة الرئيسية'!D8 & " و " & 'الواجهة الرئيسية'!H8,"إثراء: " & 'الواجهة الرئيسية'!H20 & " و " & 'الواجهة الرئيسية'!J20)) | F61: =IF(C61="ضعيف","تدريبات مكثفة – نماذج سابقة",IF(C61="متوسط","أنشطة تفاعلية – أوراق عمل","مشاريع بحثية – مسابقات نافس"))
A62: 58 | B62: ='قاعدة الأسماء'!B62 | C62: ='الاختبار القبلي'!O63 | D62: =IF(C62="ضعيف","خطة علاجية",IF(C62="متوسط","خطة تطويرية","خطة إثرائية")) | E62: =IF(C62="ضعيف","تركيز على: " & 'الواجهة الرئيسية'!B8 & " و " & 'الواجهة الرئيسية'!F8,IF(C62="متوسط","تطوير: " & 'الواجهة الرئيسية'!D8 & " و " & 'الواجهة الرئيسية'!H8,"إثراء: " & 'الواجهة الرئيسية'!H20 & " و " & 'الواجهة الرئيسية'!J20)) | F62: =IF(C62="ضعيف","تدريبات مكثفة – نماذج سابقة",IF(C62="متوسط","أنشطة تفاعلية – أوراق عمل","مشاريع بحثية – مسابقات نافس"))
A63: 59 | B63: ='قاعدة الأسماء'!B63 | C63: ='الاختبار القبلي'!O64 | D63: =IF(C63="ضعيف","خطة علاجية",IF(C63="متوسط","خطة تطويرية","خطة إثرائية")) | E63: =IF(C63="ضعيف","تركيز على: " & 'الواجهة الرئيسية'!B8 & " و " & 'الواجهة الرئيسية'!F8,IF(C63="متوسط","تطوير: " & 'الواجهة الرئيسية'!D8 & " و " & 'الواجهة الرئيسية'!H8,"إثراء: " & 'الواجهة الرئيسية'!H20 & " و " & 'الواجهة الرئيسية'!J20)) | F63: =IF(C63="ضعيف","تدريبات مكثفة – نماذج سابقة",IF(C63="متوسط","أنشطة تفاعلية – أوراق عمل","مشاريع بحثية – مسابقات نافس"))
A64: 60 | B64: ='قاعدة الأسماء'!B64 | C64: ='الاختبار القبلي'!O65 | D64: =IF(C64="ضعيف","خطة علاجية",IF(C64="متوسط","خطة تطويرية","خطة إثرائية")) | E64: =IF(C64="ضعيف","تركيز على: " & 'الواجهة الرئيسية'!B8 & " و " & 'الواجهة الرئيسية'!F8,IF(C64="متوسط","تطوير: " & 'الواجهة الرئيسية'!D8 & " و " & 'الواجهة الرئيسية'!H8,"إثراء: " & 'الواجهة الرئيسية'!H20 & " و " & 'الواجهة الرئيسية'!J20)) | F64: =IF(C64="ضعيف","تدريبات مكثفة – نماذج سابقة",IF(C64="متوسط","أنشطة تفاعلية – أوراق عمل","مشاريع بحثية – مسابقات نافس"))
A65: 61 | B65: ='قاعدة الأسماء'!B65 | C65: ='الاختبار القبلي'!O66 | D65: =IF(C65="ضعيف","خطة علاجية",IF(C65="متوسط","خطة تطويرية","خطة إثرائية")) | E65: =IF(C65="ضعيف","تركيز على: " & 'الواجهة الرئيسية'!B8 & " و " & 'الواجهة الرئيسية'!F8,IF(C65="متوسط","تطوير: " & 'الواجهة الرئيسية'!D8 & " و " & 'الواجهة الرئيسية'!H8,"إثراء: " & 'الواجهة الرئيسية'!H20 & " و " & 'الواجهة الرئيسية'!J20)) | F65: =IF(C65="ضعيف","تدريبات مكثفة – نماذج سابقة",IF(C65="متوسط","أنشطة تفاعلية – أوراق عمل","مشاريع بحثية – مسابقات نافس"))
A66: 62 | B66: ='قاعدة الأسماء'!B66 | C66: ='الاختبار القبلي'!O67 | D66: =IF(C66="ضعيف","خطة علاجية",IF(C66="متوسط","خطة تطويرية","خطة إثرائية")) | E66: =IF(C66="ضعيف","تركيز على: " & 'الواجهة الرئيسية'!B8 & " و " & 'الواجهة الرئيسية'!F8,IF(C66="متوسط","تطوير: " & 'الواجهة الرئيسية'!D8 & " و " & 'الواجهة الرئيسية'!H8,"إثراء: " & 'الواجهة الرئيسية'!H20 & " و " & 'الواجهة الرئيسية'!J20)) | F66: =IF(C66="ضعيف","تدريبات مكثفة – نماذج سابقة",IF(C66="متوسط","أنشطة تفاعلية – أوراق عمل","مشاريع بحثية – مسابقات نافس"))
A67: 63 | B67: ='قاعدة الأسماء'!B67 | C67: ='الاختبار القبلي'!O68 | D67: =IF(C67="ضعيف","خطة علاجية",IF(C67="متوسط","خطة تطويرية","خطة إثرائية")) | E67: =IF(C67="ضعيف","تركيز على: " & 'الواجهة الرئيسية'!B8 & " و " & 'الواجهة الرئيسية'!F8,IF(C67="متوسط","تطوير: " & 'الواجهة الرئيسية'!D8 & " و " & 'الواجهة الرئيسية'!H8,"إثراء: " & 'الواجهة الرئيسية'!H20 & " و " & 'الواجهة الرئيسية'!J20)) | F67: =IF(C67="ضعيف","تدريبات مكثفة – نماذج سابقة",IF(C67="متوسط","أنشطة تفاعلية – أوراق عمل","مشاريع بحثية – مسابقات نافس"))
A68: 64 | B68: ='قاعدة الأسماء'!B68 | C68: ='الاختبار القبلي'!O69 | D68: =IF(C68="ضعيف","خطة علاجية",IF(C68="متوسط","خطة تطويرية","خطة إثرائية")) | E68: =IF(C68="ضعيف","تركيز على: " & 'الواجهة الرئيسية'!B8 & " و " & 'الواجهة الرئيسية'!F8,IF(C68="متوسط","تطوير: " & 'الواجهة الرئيسية'!D8 & " و " & 'الواجهة الرئيسية'!H8,"إثراء: " & 'الواجهة الرئيسية'!H20 & " و " & 'الواجهة الرئيسية'!J20)) | F68: =IF(C68="ضعيف","تدريبات مكثفة – نماذج سابقة",IF(C68="متوسط","أنشطة تفاعلية – أوراق عمل","مشاريع بحثية – مسابقات نافس"))
A69: 65 | B69: ='قاعدة الأسماء'!B69 | C69: ='الاختبار القبلي'!O70 | D69: =IF(C69="ضعيف","خطة علاجية",IF(C69="متوسط","خطة تطويرية","خطة إثرائية")) | E69: =IF(C69="ضعيف","تركيز على: " & 'الواجهة الرئيسية'!B8 & " و " & 'الواجهة الرئيسية'!F8,IF(C69="متوسط","تطوير: " & 'الواجهة الرئيسية'!D8 & " و " & 'الواجهة الرئيسية'!H8,"إثراء: " & 'الواجهة الرئيسية'!H20 & " و " & 'الواجهة الرئيسية'!J20)) | F69: =IF(C69="ضعيف","تدريبات مكثفة – نماذج سابقة",IF(C69="متوسط","أنشطة تفاعلية – أوراق عمل","مشاريع بحثية – مسابقات نافس"))
A70: 66 | B70: ='قاعدة الأسماء'!B70 | C70: ='الاختبار القبلي'!O71 | D70: =IF(C70="ضعيف","خطة علاجية",IF(C70="متوسط","خطة تطويرية","خطة إثرائية")) | E70: =IF(C70="ضعيف","تركيز على: " & 'الواجهة الرئيسية'!B8 & " و " & 'الواجهة الرئيسية'!F8,IF(C70="متوسط","تطوير: " & 'الواجهة الرئيسية'!D8 & " و " & 'الواجهة الرئيسية'!H8,"إثراء: " & 'الواجهة الرئيسية'!H20 & " و " & 'الواجهة الرئيسية'!J20)) | F70: =IF(C70="ضعيف","تدريبات مكثفة – نماذج سابقة",IF(C70="متوسط","أنشطة تفاعلية – أوراق عمل","مشاريع بحثية – مسابقات نافس"))
A71: 67 | B71: ='قاعدة الأسماء'!B71 | C71: ='الاختبار القبلي'!O72 | D71: =IF(C71="ضعيف","خطة علاجية",IF(C71="متوسط","خطة تطويرية","خطة إثرائية")) | E71: =IF(C71="ضعيف","تركيز على: " & 'الواجهة الرئيسية'!B8 & " و " & 'الواجهة الرئيسية'!F8,IF(C71="متوسط","تطوير: " & 'الواجهة الرئيسية'!D8 & " و " & 'الواجهة الرئيسية'!H8,"إثراء: " & 'الواجهة الرئيسية'!H20 & " و " & 'الواجهة الرئيسية'!J20)) | F71: =IF(C71="ضعيف","تدريبات مكثفة – نماذج سابقة",IF(C71="متوسط","أنشطة تفاعلية – أوراق عمل","مشاريع بحثية – مسابقات نافس"))
A72: 68 | B72: ='قاعدة الأسماء'!B72 | C72: ='الاختبار القبلي'!O73 | D72: =IF(C72="ضعيف","خطة علاجية",IF(C72="متوسط","خطة تطويرية","خطة إثرائية")) | E72: =IF(C72="ضعيف","تركيز على: " & 'الواجهة الرئيسية'!B8 & " و " & 'الواجهة الرئيسية'!F8,IF(C72="متوسط","تطوير: " & 'الواجهة الرئيسية'!D8 & " و " & 'الواجهة الرئيسية'!H8,"إثراء: " & 'الواجهة الرئيسية'!H20 & " و " & 'الواجهة الرئيسية'!J20)) | F72: =IF(C72="ضعيف","تدريبات مكثفة – نماذج سابقة",IF(C72="متوسط","أنشطة تفاعلية – أوراق عمل","مشاريع بحثية – مسابقات نافس"))
A73: 69 | B73: ='قاعدة الأسماء'!B73 | C73: ='الاختبار القبلي'!O74 | D73: =IF(C73="ضعيف","خطة علاجية",IF(C73="متوسط","خطة تطويرية","خطة إثرائية")) | E73: =IF(C73="ضعيف","تركيز على: " & 'الواجهة الرئيسية'!B8 & " و " & 'الواجهة الرئيسية'!F8,IF(C73="متوسط","تطوير: " & 'الواجهة الرئيسية'!D8 & " و " & 'الواجهة الرئيسية'!H8,"إثراء: " & 'الواجهة الرئيسية'!H20 & " و " & 'الواجهة الرئيسية'!J20)) | F73: =IF(C73="ضعيف","تدريبات مكثفة – نماذج سابقة",IF(C73="متوسط","أنشطة تفاعلية – أوراق عمل","مشاريع بحثية – مسابقات نافس"))
A74: 70 | B74: ='قاعدة الأسماء'!B74 | C74: ='الاختبار القبلي'!O75 | D74: =IF(C74="ضعيف","خطة علاجية",IF(C74="متوسط","خطة تطويرية","خطة إثرائية")) | E74: =IF(C74="ضعيف","تركيز على: " & 'الواجهة الرئيسية'!B8 & " و " & 'الواجهة الرئيسية'!F8,IF(C74="متوسط","تطوير: " & 'الواجهة الرئيسية'!D8 & " و " & 'الواجهة الرئيسية'!H8,"إثراء: " & 'الواجهة الرئيسية'!H20 & " و " & 'الواجهة الرئيسية'!J20)) | F74: =IF(C74="ضعيف","تدريبات مكثفة – نماذج سابقة",IF(C74="متوسط","أنشطة تفاعلية – أوراق عمل","مشاريع بحثية – مسابقات نافس"))
A75: 71 | B75: ='قاعدة الأسماء'!B75 | C75: ='الاختبار القبلي'!O76 | D75: =IF(C75="ضعيف","خطة علاجية",IF(C75="متوسط","خطة تطويرية","خطة إثرائية")) | E75: =IF(C75="ضعيف","تركيز على: " & 'الواجهة الرئيسية'!B8 & " و " & 'الواجهة الرئيسية'!F8,IF(C75="متوسط","تطوير: " & 'الواجهة الرئيسية'!D8 & " و " & 'الواجهة الرئيسية'!H8,"إثراء: " & 'الواجهة الرئيسية'!H20 & " و " & 'الواجهة الرئيسية'!J20)) | F75: =IF(C75="ضعيف","تدريبات مكثفة – نماذج سابقة",IF(C75="متوسط","أنشطة تفاعلية – أوراق عمل","مشاريع بحثية – مسابقات نافس"))
A76: 72 | B76: ='قاعدة الأسماء'!B76 | C76: ='الاختبار القبلي'!O77 | D76: =IF(C76="ضعيف","خطة علاجية",IF(C76="متوسط","خطة تطويرية","خطة إثرائية")) | E76: =IF(C76="ضعيف","تركيز على: " & 'الواجهة الرئيسية'!B8 & " و " & 'الواجهة الرئيسية'!F8,IF(C76="متوسط","تطوير: " & 'الواجهة الرئيسية'!D8 & " و " & 'الواجهة الرئيسية'!H8,"إثراء: " & 'الواجهة الرئيسية'!H20 & " و " & 'الواجهة الرئيسية'!J20)) | F76: =IF(C76="ضعيف","تدريبات مكثفة – نماذج سابقة",IF(C76="متوسط","أنشطة تفاعلية – أوراق عمل","مشاريع بحثية – مسابقات نافس"))
A77: 73 | B77: ='قاعدة الأسماء'!B77 | C77: ='الاختبار القبلي'!O78 | D77: =IF(C77="ضعيف","خطة علاجية",IF(C77="متوسط","خطة تطويرية","خطة إثرائية")) | E77: =IF(C77="ضعيف","تركيز على: " & 'الواجهة الرئيسية'!B8 & " و " & 'الواجهة الرئيسية'!F8,IF(C77="متوسط","تطوير: " & 'الواجهة الرئيسية'!D8 & " و " & 'الواجهة الرئيسية'!H8,"إثراء: " & 'الواجهة الرئيسية'!H20 & " و " & 'الواجهة الرئيسية'!J20)) | F77: =IF(C77="ضعيف","تدريبات مكثفة – نماذج سابقة",IF(C77="متوسط","أنشطة تفاعلية – أوراق عمل","مشاريع بحثية – مسابقات نافس"))
A78: 74 | B78: ='قاعدة الأسماء'!B78 | C78: ='الاختبار القبلي'!O79 | D78: =IF(C78="ضعيف","خطة علاجية",IF(C78="متوسط","خطة تطويرية","خطة إثرائية")) | E78: =IF(C78="ضعيف","تركيز على: " & 'الواجهة الرئيسية'!B8 & " و " & 'الواجهة الرئيسية'!F8,IF(C78="متوسط","تطوير: " & 'الواجهة الرئيسية'!D8 & " و " & 'الواجهة الرئيسية'!H8,"إثراء: " & 'الواجهة الرئيسية'!H20 & " و " & 'الواجهة الرئيسية'!J20)) | F78: =IF(C78="ضعيف","تدريبات مكثفة – نماذج سابقة",IF(C78="متوسط","أنشطة تفاعلية – أوراق عمل","مشاريع بحثية – مسابقات نافس"))
A79: 75 | B79: ='قاعدة الأسماء'!B79 | C79: ='الاختبار القبلي'!O80 | D79: =IF(C79="ضعيف","خطة علاجية",IF(C79="متوسط","خطة تطويرية","خطة إثرائية")) | E79: =IF(C79="ضعيف","تركيز على: " & 'الواجهة الرئيسية'!B8 & " و " & 'الواجهة الرئيسية'!F8,IF(C79="متوسط","تطوير: " & 'الواجهة الرئيسية'!D8 & " و " & 'الواجهة الرئيسية'!H8,"إثراء: " & 'الواجهة الرئيسية'!H20 & " و " & 'الواجهة الرئيسية'!J20)) | F79: =IF(C79="ضعيف","تدريبات مكثفة – نماذج سابقة",IF(C79="متوسط","أنشطة تفاعلية – أوراق عمل","مشاريع بحثية – مسابقات نافس"))
A80: 76 | B80: ='قاعدة الأسماء'!B80 | C80: ='الاختبار القبلي'!O81 | D80: =IF(C80="ضعيف","خطة علاجية",IF(C80="متوسط","خطة تطويرية","خطة إثرائية")) | E80: =IF(C80="ضعيف","تركيز على: " & 'الواجهة الرئيسية'!B8 & " و " & 'الواجهة الرئيسية'!F8,IF(C80="متوسط","تطوير: " & 'الواجهة الرئيسية'!D8 & " و " & 'الواجهة الرئيسية'!H8,"إثراء: " & 'الواجهة الرئيسية'!H20 & " و " & 'الواجهة الرئيسية'!J20)) | F80: =IF(C80="ضعيف","تدريبات مكثفة – نماذج سابقة",IF(C80="متوسط","أنشطة تفاعلية – أوراق عمل","مشاريع بحثية – مسابقات نافس"))
A81: 77 | B81: ='قاعدة الأسماء'!B81 | C81: ='الاختبار القبلي'!O82 | D81: =IF(C81="ضعيف","خطة علاجية",IF(C81="متوسط","خطة تطويرية","خطة إثرائية")) | E81: =IF(C81="ضعيف","تركيز على: " & 'الواجهة الرئيسية'!B8 & " و " & 'الواجهة الرئيسية'!F8,IF(C81="متوسط","تطوير: " & 'الواجهة الرئيسية'!D8 & " و " & 'الواجهة الرئيسية'!H8,"إثراء: " & 'الواجهة الرئيسية'!H20 & " و " & 'الواجهة الرئيسية'!J20)) | F81: =IF(C81="ضعيف","تدريبات مكثفة – نماذج سابقة",IF(C81="متوسط","أنشطة تفاعلية – أوراق عمل","مشاريع بحثية – مسابقات نافس"))
A82: 78 | B82: ='قاعدة الأسماء'!B82 | C82: ='الاختبار القبلي'!O83 | D82: =IF(C82="ضعيف","خطة علاجية",IF(C82="متوسط","خطة تطويرية","خطة إثرائية")) | E82: =IF(C82="ضعيف","تركيز على: " & 'الواجهة الرئيسية'!B8 & " و " & 'الواجهة الرئيسية'!F8,IF(C82="متوسط","تطوير: " & 'الواجهة الرئيسية'!D8 & " و " & 'الواجهة الرئيسية'!H8,"إثراء: " & 'الواجهة الرئيسية'!H20 & " و " & 'الواجهة الرئيسية'!J20)) | F82: =IF(C82="ضعيف","تدريبات مكثفة – نماذج سابقة",IF(C82="متوسط","أنشطة تفاعلية – أوراق عمل","مشاريع بحثية – مسابقات نافس"))
A83: 79 | B83: ='قاعدة الأسماء'!B83 | C83: ='الاختبار القبلي'!O84 | D83: =IF(C83="ضعيف","خطة علاجية",IF(C83="متوسط","خطة تطويرية","خطة إثرائية")) | E83: =IF(C83="ضعيف","تركيز على: " & 'الواجهة الرئيسية'!B8 & " و " & 'الواجهة الرئيسية'!F8,IF(C83="متوسط","تطوير: " & 'الواجهة الرئيسية'!D8 & " و " & 'الواجهة الرئيسية'!H8,"إثراء: " & 'الواجهة الرئيسية'!H20 & " و " & 'الواجهة الرئيسية'!J20)) | F83: =IF(C83="ضعيف","تدريبات مكثفة – نماذج سابقة",IF(C83="متوسط","أنشطة تفاعلية – أوراق عمل","مشاريع بحثية – مسابقات نافس"))
A84: 80 | B84: ='قاعدة الأسماء'!B84 | C84: ='الاختبار القبلي'!O85 | D84: =IF(C84="ضعيف","خطة علاجية",IF(C84="متوسط","خطة تطويرية","خطة إثرائية")) | E84: =IF(C84="ضعيف","تركيز على: " & 'الواجهة الرئيسية'!B8 & " و " & 'الواجهة الرئيسية'!F8,IF(C84="متوسط","تطوير: " & 'الواجهة الرئيسية'!D8 & " و " & 'الواجهة الرئيسية'!H8,"إثراء: " & 'الواجهة الرئيسية'!H20 & " و " & 'الواجهة الرئيسية'!J20)) | F84: =IF(C84="ضعيف","تدريبات مكثفة – نماذج سابقة",IF(C84="متوسط","أنشطة تفاعلية – أوراق عمل","مشاريع بحثية – مسابقات نافس"))
A85: 81 | B85: ='قاعدة الأسماء'!B85 | C85: ='الاختبار القبلي'!O86 | D85: =IF(C85="ضعيف","خطة علاجية",IF(C85="متوسط","خطة تطويرية","خطة إثرائية")) | E85: =IF(C85="ضعيف","تركيز على: " & 'الواجهة الرئيسية'!B8 & " و " & 'الواجهة الرئيسية'!F8,IF(C85="متوسط","تطوير: " & 'الواجهة الرئيسية'!D8 & " و " & 'الواجهة الرئيسية'!H8,"إثراء: " & 'الواجهة الرئيسية'!H20 & " و " & 'الواجهة الرئيسية'!J20)) | F85: =IF(C85="ضعيف","تدريبات مكثفة – نماذج سابقة",IF(C85="متوسط","أنشطة تفاعلية – أوراق عمل","مشاريع بحثية – مسابقات نافس"))
A86: 82 | B86: ='قاعدة الأسماء'!B86 | C86: ='الاختبار القبلي'!O87 | D86: =IF(C86="ضعيف","خطة علاجية",IF(C86="متوسط","خطة تطويرية","خطة إثرائية")) | E86: =IF(C86="ضعيف","تركيز على: " & 'الواجهة الرئيسية'!B8 & " و " & 'الواجهة الرئيسية'!F8,IF(C86="متوسط","تطوير: " & 'الواجهة الرئيسية'!D8 & " و " & 'الواجهة الرئيسية'!H8,"إثراء: " & 'الواجهة الرئيسية'!H20 & " و " & 'الواجهة الرئيسية'!J20)) | F86: =IF(C86="ضعيف","تدريبات مكثفة – نماذج سابقة",IF(C86="متوسط","أنشطة تفاعلية – أوراق عمل","مشاريع بحثية – مسابقات نافس"))
A87: 83 | B87: ='قاعدة الأسماء'!B87 | C87: ='الاختبار القبلي'!O88 | D87: =IF(C87="ضعيف","خطة علاجية",IF(C87="متوسط","خطة تطويرية","خطة إثرائية")) | E87: =IF(C87="ضعيف","تركيز على: " & 'الواجهة الرئيسية'!B8 & " و " & 'الواجهة الرئيسية'!F8,IF(C87="متوسط","تطوير: " & 'الواجهة الرئيسية'!D8 & " و " & 'الواجهة الرئيسية'!H8,"إثراء: " & 'الواجهة الرئيسية'!H20 & " و " & 'الواجهة الرئيسية'!J20)) | F87: =IF(C87="ضعيف","تدريبات مكثفة – نماذج سابقة",IF(C87="متوسط","أنشطة تفاعلية – أوراق عمل","مشاريع بحثية – مسابقات نافس"))
A88: 84 | B88: ='قاعدة الأسماء'!B88 | C88: ='الاختبار القبلي'!O89 | D88: =IF(C88="ضعيف","خطة علاجية",IF(C88="متوسط","خطة تطويرية","خطة إثرائية")) | E88: =IF(C88="ضعيف","تركيز على: " & 'الواجهة الرئيسية'!B8 & " و " & 'الواجهة الرئيسية'!F8,IF(C88="متوسط","تطوير: " & 'الواجهة الرئيسية'!D8 & " و " & 'الواجهة الرئيسية'!H8,"إثراء: " & 'الواجهة الرئيسية'!H20 & " و " & 'الواجهة الرئيسية'!J20)) | F88: =IF(C88="ضعيف","تدريبات مكثفة – نماذج سابقة",IF(C88="متوسط","أنشطة تفاعلية – أوراق عمل","مشاريع بحثية – مسابقات نافس"))
A89: 85 | B89: ='قاعدة الأسماء'!B89 | C89: ='الاختبار القبلي'!O90 | D89: =IF(C89="ضعيف","خطة علاجية",IF(C89="متوسط","خطة تطويرية","خطة إثرائية")) | E89: =IF(C89="ضعيف","تركيز على: " & 'الواجهة الرئيسية'!B8 & " و " & 'الواجهة الرئيسية'!F8,IF(C89="متوسط","تطوير: " & 'الواجهة الرئيسية'!D8 & " و " & 'الواجهة الرئيسية'!H8,"إثراء: " & 'الواجهة الرئيسية'!H20 & " و " & 'الواجهة الرئيسية'!J20)) | F89: =IF(C89="ضعيف","تدريبات مكثفة – نماذج سابقة",IF(C89="متوسط","أنشطة تفاعلية – أوراق عمل","مشاريع بحثية – مسابقات نافس"))
A90: 86 | B90: ='قاعدة الأسماء'!B90 | C90: ='الاختبار القبلي'!O91 | D90: =IF(C90="ضعيف","خطة علاجية",IF(C90="متوسط","خطة تطويرية","خطة إثرائية")) | E90: =IF(C90="ضعيف","تركيز على: " & 'الواجهة الرئيسية'!B8 & " و " & 'الواجهة الرئيسية'!F8,IF(C90="متوسط","تطوير: " & 'الواجهة الرئيسية'!D8 & " و " & 'الواجهة الرئيسية'!H8,"إثراء: " & 'الواجهة الرئيسية'!H20 & " و " & 'الواجهة الرئيسية'!J20)) | F90: =IF(C90="ضعيف","تدريبات مكثفة – نماذج سابقة",IF(C90="متوسط","أنشطة تفاعلية – أوراق عمل","مشاريع بحثية – مسابقات نافس"))
A91: 87 | B91: ='قاعدة الأسماء'!B91 | C91: ='الاختبار القبلي'!O92 | D91: =IF(C91="ضعيف","خطة علاجية",IF(C91="متوسط","خطة تطويرية","خطة إثرائية")) | E91: =IF(C91="ضعيف","تركيز على: " & 'الواجهة الرئيسية'!B8 & " و " & 'الواجهة الرئيسية'!F8,IF(C91="متوسط","تطوير: " & 'الواجهة الرئيسية'!D8 & " و " & 'الواجهة الرئيسية'!H8,"إثراء: " & 'الواجهة الرئيسية'!H20 & " و " & 'الواجهة الرئيسية'!J20)) | F91: =IF(C91="ضعيف","تدريبات مكثفة – نماذج سابقة",IF(C91="متوسط","أنشطة تفاعلية – أوراق عمل","مشاريع بحثية – مسابقات نافس"))
A92: 88 | B92: ='قاعدة الأسماء'!B92 | C92: ='الاختبار القبلي'!O93 | D92: =IF(C92="ضعيف","خطة علاجية",IF(C92="متوسط","خطة تطويرية","خطة إثرائية")) | E92: =IF(C92="ضعيف","تركيز على: " & 'الواجهة الرئيسية'!B8 & " و " & 'الواجهة الرئيسية'!F8,IF(C92="متوسط","تطوير: " & 'الواجهة الرئيسية'!D8 & " و " & 'الواجهة الرئيسية'!H8,"إثراء: " & 'الواجهة الرئيسية'!H20 & " و " & 'الواجهة الرئيسية'!J20)) | F92: =IF(C92="ضعيف","تدريبات مكثفة – نماذج سابقة",IF(C92="متوسط","أنشطة تفاعلية – أوراق عمل","مشاريع بحثية – مسابقات نافس"))
A93: 89 | B93: ='قاعدة الأسماء'!B93 | C93: ='الاختبار القبلي'!O94 | D93: =IF(C93="ضعيف","خطة علاجية",IF(C93="متوسط","خطة تطويرية","خطة إثرائية")) | E93: =IF(C93="ضعيف","تركيز على: " & 'الواجهة الرئيسية'!B8 & " و " & 'الواجهة الرئيسية'!F8,IF(C93="متوسط","تطوير: " & 'الواجهة الرئيسية'!D8 & " و " & 'الواجهة الرئيسية'!H8,"إثراء: " & 'الواجهة الرئيسية'!H20 & " و " & 'الواجهة الرئيسية'!J20)) | F93: =IF(C93="ضعيف","تدريبات مكثفة – نماذج سابقة",IF(C93="متوسط","أنشطة تفاعلية – أوراق عمل","مشاريع بحثية – مسابقات نافس"))
A94: 90 | B94: ='قاعدة الأسماء'!B94 | C94: ='الاختبار القبلي'!O95 | D94: =IF(C94="ضعيف","خطة علاجية",IF(C94="متوسط","خطة تطويرية","خطة إثرائية")) | E94: =IF(C94="ضعيف","تركيز على: " & 'الواجهة الرئيسية'!B8 & " و " & 'الواجهة الرئيسية'!F8,IF(C94="متوسط","تطوير: " & 'الواجهة الرئيسية'!D8 & " و " & 'الواجهة الرئيسية'!H8,"إثراء: " & 'الواجهة الرئيسية'!H20 & " و " & 'الواجهة الرئيسية'!J20)) | F94: =IF(C94="ضعيف","تدريبات مكثفة – نماذج سابقة",IF(C94="متوسط","أنشطة تفاعلية – أوراق عمل","مشاريع بحثية – مسابقات نافس"))
A95: 91 | B95: ='قاعدة الأسماء'!B95 | C95: ='الاختبار القبلي'!O96 | D95: =IF(C95="ضعيف","خطة علاجية",IF(C95="متوسط","خطة تطويرية","خطة إثرائية")) | E95: =IF(C95="ضعيف","تركيز على: " & 'الواجهة الرئيسية'!B8 & " و " & 'الواجهة الرئيسية'!F8,IF(C95="متوسط","تطوير: " & 'الواجهة الرئيسية'!D8 & " و " & 'الواجهة الرئيسية'!H8,"إثراء: " & 'الواجهة الرئيسية'!H20 & " و " & 'الواجهة الرئيسية'!J20)) | F95: =IF(C95="ضعيف","تدريبات مكثفة – نماذج سابقة",IF(C95="متوسط","أنشطة تفاعلية – أوراق عمل","مشاريع بحثية – مسابقات نافس"))
A96: 92 | B96: ='قاعدة الأسماء'!B96 | C96: ='الاختبار القبلي'!O97 | D96: =IF(C96="ضعيف","خطة علاجية",IF(C96="متوسط","خطة تطويرية","خطة إثرائية")) | E96: =IF(C96="ضعيف","تركيز على: " & 'الواجهة الرئيسية'!B8 & " و " & 'الواجهة الرئيسية'!F8,IF(C96="متوسط","تطوير: " & 'الواجهة الرئيسية'!D8 & " و " & 'الواجهة الرئيسية'!H8,"إثراء: " & 'الواجهة الرئيسية'!H20 & " و " & 'الواجهة الرئيسية'!J20)) | F96: =IF(C96="ضعيف","تدريبات مكثفة – نماذج سابقة",IF(C96="متوسط","أنشطة تفاعلية – أوراق عمل","مشاريع بحثية – مسابقات نافس"))
A97: 93 | B97: ='قاعدة الأسماء'!B97 | C97: ='الاختبار القبلي'!O98 | D97: =IF(C97="ضعيف","خطة علاجية",IF(C97="متوسط","خطة تطويرية","خطة إثرائية")) | E97: =IF(C97="ضعيف","تركيز على: " & 'الواجهة الرئيسية'!B8 & " و " & 'الواجهة الرئيسية'!F8,IF(C97="متوسط","تطوير: " & 'الواجهة الرئيسية'!D8 & " و " & 'الواجهة الرئيسية'!H8,"إثراء: " & 'الواجهة الرئيسية'!H20 & " و " & 'الواجهة الرئيسية'!J20)) | F97: =IF(C97="ضعيف","تدريبات مكثفة – نماذج سابقة",IF(C97="متوسط","أنشطة تفاعلية – أوراق عمل","مشاريع بحثية – مسابقات نافس"))
A98: 94 | B98: ='قاعدة الأسماء'!B98 | C98: ='الاختبار القبلي'!O99 | D98: =IF(C98="ضعيف","خطة علاجية",IF(C98="متوسط","خطة تطويرية","خطة إثرائية")) | E98: =IF(C98="ضعيف","تركيز على: " & 'الواجهة الرئيسية'!B8 & " و " & 'الواجهة الرئيسية'!F8,IF(C98="متوسط","تطوير: " & 'الواجهة الرئيسية'!D8 & " و " & 'الواجهة الرئيسية'!H8,"إثراء: " & 'الواجهة الرئيسية'!H20 & " و " & 'الواجهة الرئيسية'!J20)) | F98: =IF(C98="ضعيف","تدريبات مكثفة – نماذج سابقة",IF(C98="متوسط","أنشطة تفاعلية – أوراق عمل","مشاريع بحثية – مسابقات نافس"))
A99: 95 | B99: ='قاعدة الأسماء'!B99 | C99: ='الاختبار القبلي'!O100 | D99: =IF(C99="ضعيف","خطة علاجية",IF(C99="متوسط","خطة تطويرية","خطة إثرائية")) | E99: =IF(C99="ضعيف","تركيز على: " & 'الواجهة الرئيسية'!B8 & " و " & 'الواجهة الرئيسية'!F8,IF(C99="متوسط","تطوير: " & 'الواجهة الرئيسية'!D8 & " و " & 'الواجهة الرئيسية'!H8,"إثراء: " & 'الواجهة الرئيسية'!H20 & " و " & 'الواجهة الرئيسية'!J20)) | F99: =IF(C99="ضعيف","تدريبات مكثفة – نماذج سابقة",IF(C99="متوسط","أنشطة تفاعلية – أوراق عمل","مشاريع بحثية – مسابقات نافس"))
A100: 96 | B100: ='قاعدة الأسماء'!B100 | C100: ='الاختبار القبلي'!O101 | D100: =IF(C100="ضعيف","خطة علاجية",IF(C100="متوسط","خطة تطويرية","خطة إثرائية")) | E100: =IF(C100="ضعيف","تركيز على: " & 'الواجهة الرئيسية'!B8 & " و " & 'الواجهة الرئيسية'!F8,IF(C100="متوسط","تطوير: " & 'الواجهة الرئيسية'!D8 & " و " & 'الواجهة الرئيسية'!H8,"إثراء: " & 'الواجهة الرئيسية'!H20 & " و " & 'الواجهة الرئيسية'!J20)) | F100: =IF(C100="ضعيف","تدريبات مكثفة – نماذج سابقة",IF(C100="متوسط","أنشطة تفاعلية – أوراق عمل","مشاريع بحثية – مسابقات نافس"))
A101: 97 | B101: ='قاعدة الأسماء'!B101 | C101: ='الاختبار القبلي'!O102 | D101: =IF(C101="ضعيف","خطة علاجية",IF(C101="متوسط","خطة تطويرية","خطة إثرائية")) | E101: =IF(C101="ضعيف","تركيز على: " & 'الواجهة الرئيسية'!B8 & " و " & 'الواجهة الرئيسية'!F8,IF(C101="متوسط","تطوير: " & 'الواجهة الرئيسية'!D8 & " و " & 'الواجهة الرئيسية'!H8,"إثراء: " & 'الواجهة الرئيسية'!H20 & " و " & 'الواجهة الرئيسية'!J20)) | F101: =IF(C101="ضعيف","تدريبات مكثفة – نماذج سابقة",IF(C101="متوسط","أنشطة تفاعلية – أوراق عمل","مشاريع بحثية – مسابقات نافس"))
...

Sheet التدريبات
A2: تدريبات نافس والخطة التدريبية لرفع نواتج التعلم
A3: اختبارات نافس التدريبية | الخطة التدريبية | تتبع التقدم
A4: م | B4: اسم الطالبة | C4: ="تدريب 1 " & CHAR(10) & 'الواجهة الرئيسية'!B8 | D4: ="تدريب 2 " & CHAR(10) & 'الواجهة الرئيسية'!D8 | E4: ="تدريب 3 " & CHAR(10) & 'الواجهة الرئيسية'!F8 | F4: ="تدريب 4 " & CHAR(10) & 'الواجهة الرئيسية'!H8 | G4: ="تدريب 5 " & CHAR(10) & 'الواجهة الرئيسية'!J8 | H4: ="تدريب 6 " & CHAR(10) & 'الواجهة الرئيسية'!B20 | I4: ="تدريب 7 " & CHAR(10) & 'الواجهة الرئيسية'!D20 | J4: ="تدريب 8 " & CHAR(10) & 'الواجهة الرئيسية'!F20 | K4: ="تدريب 9 " & CHAR(10) & 'الواجهة الرئيسية'!H20 | L4: ="تدريب 10 " & CHAR(10) & 'الواجهة الرئيسية'!J20 | M4: المجموع | N4: التقدم
A5: 1 | B5: ='قاعدة الأسماء'!B5 | C5: 9 | D5: 8 | E5: 8 | F5: 7 | G5: 9 | H5: 10 | I5: 9 | J5: 9 | K5: 10 | L5: 9 | M5: =IF(COUNT(C5:L5)=0,"",SUM(C5:L5)) | N5: =IF(M5="","",IF(M5<50,"يحتاج دعماً",IF(M5<75,"جيد","ممتاز")))
A6: 2 | B6: ='قاعدة الأسماء'!B6 | C6: 10 | D6: 10 | E6: 8 | F6: 8 | G6: 9 | H6: 9 | I6: 9 | J6: 7 | K6: 8 | L6: 9 | M6: =IF(COUNT(C6:L6)=0,"",SUM(C6:L6)) | N6: =IF(M6="","",IF(M6<50,"يحتاج دعماً",IF(M6<75,"جيد","ممتاز")))
A7: 3 | B7: ='قاعدة الأسماء'!B7 | C7: 10 | D7: 9 | E7: 10 | F7: 10 | G7: 9 | H7: 10 | I7: 10 | J7: 8 | K7: 10 | L7: 10 | M7: =IF(COUNT(C7:L7)=0,"",SUM(C7:L7)) | N7: =IF(M7="","",IF(M7<50,"يحتاج دعماً",IF(M7<75,"جيد","ممتاز")))
A8: 4 | B8: ='قاعدة الأسماء'!B8 | C8: 10 | D8: 10 | E8: 10 | F8: 8 | G8: 9 | H8: 10 | I8: 10 | J8: 8 | K8: 9 | L8: 10 | M8: =IF(COUNT(C8:L8)=0,"",SUM(C8:L8)) | N8: =IF(M8="","",IF(M8<50,"يحتاج دعماً",IF(M8<75,"جيد","ممتاز")))
A9: 5 | B9: ='قاعدة الأسماء'!B9 | C9: 10 | D9: 10 | E9: 9 | F9: 9 | G9: 10 | H9: 9 | I9: 8 | J9: 10 | K9: 10 | L9: 10 | M9: =IF(COUNT(C9:L9)=0,"",SUM(C9:L9)) | N9: =IF(M9="","",IF(M9<50,"يحتاج دعماً",IF(M9<75,"جيد","ممتاز")))
A10: 6 | B10: ='قاعدة الأسماء'!B10 | C10: 9 | D10: 10 | E10: 7 | F10: 8 | G10: 10 | H10: 10 | I10: 9 | J10: 9 | K10: 10 | L10: 9 | M10: =IF(COUNT(C10:L10)=0,"",SUM(C10:L10)) | N10: =IF(M10="","",IF(M10<50,"يحتاج دعماً",IF(M10<75,"جيد","ممتاز")))
A11: 7 | B11: ='قاعدة الأسماء'!B11 | C11: 10 | D11: 10 | E11: 7 | F11: 8 | G11: 9 | H11: 8 | I11: 9 | J11: 9 | K11: 7 | L11: 9 | M11: =IF(COUNT(C11:L11)=0,"",SUM(C11:L11)) | N11: =IF(M11="","",IF(M11<50,"يحتاج دعماً",IF(M11<75,"جيد","ممتاز")))
A12: 8 | B12: ='قاعدة الأسماء'!B12 | C12: 9 | D12: 9 | E12: 7 | F12: 8 | G12: 10 | H12: 9 | I12: 9 | J12: 9 | K12: 10 | L12: 9 | M12: =IF(COUNT(C12:L12)=0,"",SUM(C12:L12)) | N12: =IF(M12="","",IF(M12<50,"يحتاج دعماً",IF(M12<75,"جيد","ممتاز")))
A13: 9 | B13: ='قاعدة الأسماء'!B13 | C13: 10 | D13: 10 | E13: 8 | F13: 9 | G13: 9 | H13: 10 | I13: 10 | J13: 8 | K13: 9 | L13: 10 | M13: =IF(COUNT(C13:L13)=0,"",SUM(C13:L13)) | N13: =IF(M13="","",IF(M13<50,"يحتاج دعماً",IF(M13<75,"جيد","ممتاز")))
A14: 10 | B14: ='قاعدة الأسماء'!B14 | C14: 10 | D14: 8 | E14: 7 | F14: 9 | G14: 9 | H14: 10 | I14: 10 | J14: 8 | K14: 9 | L14: 10 | M14: =IF(COUNT(C14:L14)=0,"",SUM(C14:L14)) | N14: =IF(M14="","",IF(M14<50,"يحتاج دعماً",IF(M14<75,"جيد","ممتاز")))
A15: 11 | B15: ='قاعدة الأسماء'!B15 | C15: 10 | D15: 9 | E15: 7 | F15: 8 | G15: 9 | H15: 8 | I15: 10 | J15: 9 | K15: 10 | L15: 10 | M15: =IF(COUNT(C15:L15)=0,"",SUM(C15:L15)) | N15: =IF(M15="","",IF(M15<50,"يحتاج دعماً",IF(M15<75,"جيد","ممتاز")))
A16: 12 | B16: ='قاعدة الأسماء'!B16 | C16: 10 | D16: 10 | E16: 9 | F16: 10 | G16: 10 | H16: 10 | I16: 9 | J16: 9 | K16: 10 | L16: 10 | M16: =IF(COUNT(C16:L16)=0,"",SUM(C16:L16)) | N16: =IF(M16="","",IF(M16<50,"يحتاج دعماً",IF(M16<75,"جيد","ممتاز")))
... A103: 99 | B103: ='قاعدة الأسماء'!B103 | C103: 6 | D103: 4 | E103: 2 | F103: 4 | G103: 4 | H103: 4 | I103: 5 | J103: 4 | K103: 4 | L103: 3 | M103: =IF(COUNT(C103:L103)=0,"",SUM(C103:L103)) | N103: =IF(M103="","",IF(M103<50,"يحتاج دعماً",IF(M103<75,"جيد","ممتاز")))
A106: الخطة التدريبية الأسبوعية
A107: الأسبوع | B107: المهارة | C107: نوع النشاط | D107: الأدوات | E107: التوقيت | F107: المسؤول | G107: ملاحظات
A108: الأسبوع 1 | B108: ='الواجهة الرئيسية'!B8 | C108: ورشة عمل تفاعلية | D108: أوراق عمل | E108: 45 دقيقة
A109: الأسبوع 2 | B109: ='الواجهة الرئيسية'!D8 | C109: ورشة عمل تفاعلية | D109: أوراق عمل | E109: 45 دقيقة
A110: الأسبوع 3 | B110: ='الواجهة الرئيسية'!F8 | C110: ورشة عمل تفاعلية | D110: أوراق عمل | E110: 45 دقيقة
A111: الأسبوع 4 | B111: ='الواجهة الرئيسية'!H8 | C111: ورشة عمل تفاعلية | D111: أوراق عمل | E111: 45 دقيقة
A112: الأسبوع 5 | B112: ='الواجهة الرئيسية'!J8 | C112: ورشة عمل تفاعلية | D112: أوراق عمل | E112: 45 دقيقة
A113: الأسبوع 6 | B113: ='الواجهة الرئيسية'!B20 | C113: ورشة عمل تفاعلية | D113: أوراق عمل | E113: 45 دقيقة
A114: الأسبوع 7 | B114: ='الواجهة الرئيسية'!D20 | C114: ورشة عمل تفاعلية | D114: أوراق عمل | E114: 45 دقيقة
A115: الأسبوع 8 | B115: ='الواجهة الرئيسية'!F20 | C115: ورشة عمل تفاعلية | D115: أوراق عمل | E115: 45 دقيقة
A116: الأسبوع 9 | B116: ='الواجهة الرئيسية'!H20 | C116: ورشة عمل تفاعلية | D116: أوراق عمل | E116: 45 دقيقة
A117: الأسبوع 10 | B117: ='الواجهة الرئيسية'!J20 | C117: ورشة عمل تفاعلية | D117: أوراق عمل | E117: 45 دقيقة

Sheet الاختبار البعدي
A2: الاختبار التشخيصي البعدي – Post-Test
A3: إدخال درجات بعد التدريب | التحليل المقارن تلقائي
A4: م | B4: اسم الطالبة | C4: ="م1 " & CHAR(10) & 'الواجهة الرئيسية'!B8 | D4: ="م2 " & CHAR(10) & 'الواجهة الرئيسية'!D8 | E4: ="م3 " & CHAR(10) & 'الواجهة الرئيسية'!F8 | F4: ="م4 " & CHAR(10) & 'الواجهة الرئيسية'!H8 | G4: ="م5 " & CHAR(10) & 'الواجهة الرئيسية'!J8 | H4: ="م6 " & CHAR(10) & 'الواجهة الرئيسية'!B20 | I4: ="م7 " & CHAR(10) & 'الواجهة الرئيسية'!D20 | J4: ="م8 " & CHAR(10) & 'الواجهة الرئيسية'!F20 | K4: ="م9 " & CHAR(10) & 'الواجهة الرئيسية'!H20 | L4: ="م10 " & CHAR(10) & 'الواجهة الرئيسية'!J20 | M4: المجموع | N4: النسبة% | O4: المستوى
B5: الدرجة العظمى | C5: 10 | D5: 10 | E5: 10 | F5: 10 | G5: 10 | H5: 10 | I5: 10 | J5: 10 | K5: 10 | L5: 10 | M5: 100 | N5: 100%
A6: 1 | B6: ='قاعدة الأسماء'!B5 | C6: 9 | D6: 10 | E6: 10 | F6: 8 | G6: 10 | H6: 9 | I6: 10 | J6: 9 | K6: 10 | L6: 9 | M6: =IF(COUNT(C6:L6)=0,"",SUM(C6:L6)) | N6: =IF(M6="","",M6/100) | O6: =IF(M6="","",IF(M6<50,"ضعيف",IF(M6<75,"متوسط","ممتاز")))
A7: 2 | B7: ='قاعدة الأسماء'!B6 | C7: 10 | D7: 10 | E7: 9 | F7: 10 | G7: 10 | H7: 9 | I7: 9 | J7: 9 | K7: 8 | L7: 10 | M7: =IF(COUNT(C7:L7)=0,"",SUM(C7:L7)) | N7: =IF(M7="","",M7/100) | O7: =IF(M7="","",IF(M7<50,"ضعيف",IF(M7<75,"متوسط","ممتاز")))
A8: 3 | B8: ='قاعدة الأسماء'!B7 | C8: 10 | D8: 10 | E8: 10 | F8: 9 | G8: 10 | H8: 9 | I8: 10 | J8: 9 | K8: 10 | L8: 10 | M8: =IF(COUNT(C8:L8)=0,"",SUM(C8:L8)) | N8: =IF(M8="","",M8/100) | O8: =IF(M8="","",IF(M8<50,"ضعيف",IF(M8<75,"متوسط","ممتاز")))
A9: 4 | B9: ='قاعدة الأسماء'!B8 | C9: 10 | D9: 10 | E9: 9 | F9: 9 | G9: 10 | H9: 10 | I9: 10 | J9: 9 | K9: 10 | L9: 9 | M9: =IF(COUNT(C9:L9)=0,"",SUM(C9:L9)) | N9: =IF(M9="","",M9/100) | O9: =IF(M9="","",IF(M9<50,"ضعيف",IF(M9<75,"متوسط","ممتاز")))
A10: 5 | B10: ='قاعدة الأسماء'!B9 | C10: 10 | D10: 10 | E10: 10 | F10: 9 | G10: 10 | H10: 10 | I10: 9 | J10: 10 | K10: 9 | L10: 9 | M10: =IF(COUNT(C10:L10)=0,"",SUM(C10:L10)) | N10: =IF(M10="","",M10/100) | O10: =IF(M10="","",IF(M10<50,"ضعيف",IF(M10<75,"متوسط","ممتاز")))
A11: 6 | B11: ='قاعدة الأسماء'!B10 | C11: 10 | D11: 10 | E11: 8 | F11: 9 | G11: 9 | H11: 9 | I11: 10 | J11: 10 | K11: 9 | L11: 10 | M11: =IF(COUNT(C11:L11)=0,"",SUM(C11:L11)) | N11: =IF(M11="","",M11/100) | O11: =IF(M11="","",IF(M11<50,"ضعيف",IF(M11<75,"متوسط","ممتاز")))
A12: 7 | B12: ='قاعدة الأسماء'!B11 | C12: 9 | D12: 9 | E12: 9 | F12: 8 | G12: 9 | H12: 8 | I12: 9 | J12: 10 | K12: 8 | L12: 10 | M12: =IF(COUNT(C12:L12)=0,"",SUM(C12:L12)) | N12: =IF(M12="","",M12/100) | O12: =IF(M12="","",IF(M12<50,"ضعيف",IF(M12<75,"متوسط","ممتاز")))
A13: 8 | B13: ='قاعدة الأسماء'!B12 | C13: 10 | D13: 9 | E13: 8 | F13: 8 | G13: 10 | H13: 10 | I13: 10 | J13: 9 | K13: 10 | L13: 9 | M13: =IF(COUNT(C13:L13)=0,"",SUM(C13:L13)) | N13: =IF(M13="","",M13/100) | O13: =IF(M13="","",IF(M13<50,"ضعيف",IF(M13<75,"متوسط","ممتاز")))
A14: 9 | B14: ='قاعدة الأسماء'!B13 | C14: 10 | D14: 9 | E14: 9 | F14: 9 | G14: 10 | H14: 10 | I14: 10 | J14: 8 | K14: 10 | L14: 10 | M14: =IF(COUNT(C14:L14)=0,"",SUM(C14:L14)) | N14: =IF(M14="","",M14/100) | O14: =IF(M14="","",IF(M14<50,"ضعيف",IF(M14<75,"متوسط","ممتاز")))
A15: 10 | B15: ='قاعدة الأسماء'!B14 | C15: 10 | D15: 8 | E15: 8 | F15: 9 | G15: 9 | H15: 9 | I15: 10 | J15: 8 | K15: 9 | L15: 10 | M15: =IF(COUNT(C15:L15)=0,"",SUM(C15:L15)) | N15: =IF(M15="","",M15/100) | O15: =IF(M15="","",IF(M15<50,"ضعيف",IF(M15<75,"متوسط","ممتاز")))
A16: 11 | B16: ='قاعدة الأسماء'!B15 | C16: 10 | D16: 10 | E16: 9 | F16: 8 | G16: 10 | H16: 10 | I16: 10 | J16: 9 | K16: 10 | L16: 10 | M16: =IF(COUNT(C16:L16)=0,"",SUM(C16:L16)) | N16: =IF(M16="","",M16/100) | O16: =IF(M16="","",IF(M16<50,"ضعيف",IF(M16<75,"متوسط","ممتاز")))
A17: 12 | B17: ='قاعدة الأسماء'!B16 | C17: 10 | D17: 10 | E17: 10 | F17: 10 | G17: 10 | H17: 10 | I17: 9 | J17: 10 | K17: 10 | L17: 10 | M17: =IF(COUNT(C17:L17)=0,"",SUM(C17:L17)) | N17: =IF(M17="","",M17/100) | O17: =IF(M17="","",IF(M17<50,"ضعيف",IF(M17<75,"متوسط","ممتاز")))
... A104: 99 | B104: ='قاعدة الأسماء'!B103 | C104: 5 | D104: 5 | E104: 3 | F104: 4 | G104: 4 | H104: 3 | I104: 5 | J104: 4 | K104: 4 | L104: 4 | M104: =IF(COUNT(C104:L104)=0,"",SUM(C104:L104)) | N104: =IF(M104="","",M104/100) | O104: =IF(M104="","",IF(M104<50,"ضعيف",IF(M104<75,"متوسط","ممتاز")))
A107: تحليل النتائج الفوري والرسوم البيانية – Diagnostic Analytics & Charts
B109: المؤشرات العامة
B110: متوسط الدرجات | D110: =IFERROR(AVERAGE(M6:M104),0)
B111: نسبة النجاح | D111: =IFERROR(COUNTIF(O6:O104,"<>ضعيف")/99,0)
B112: أعلى درجة | D112: =IFERROR(MAX(M6:M104),0)
B113: أدنى درجة | D113: =IFERROR(MIN(M6:M104),0)
B115: توزيع مستويات الطالبات
B116: المستوى | C116: العدد | D116: النسبة%
B117: ممتاز | C117: =COUNTIF(O6:O104,"ممتاز") | D117: =C117/99
B118: متوسط | C118: =COUNTIF(O6:O104,"متوسط") | D118: =C118/99
B119: ضعيف | C119: =COUNTIF(O6:O104,"ضعيف") | D119: =C119/99
A121: مقارنة وتحليل متوسط درجات مهارات نافس العشر
B123: المهارة | C123: المتوسط | D123: التقييم
B124: ='الواجهة الرئيسية'!B8 | C124: =IFERROR(AVERAGE(C6:C104),0) | D124: =IF(C124>=7.5,"نقطة قوة",IF(C124>=5.0,"مستوى متوسط","تحتاج دعم"))
B125: ='الواجهة الرئيسية'!D8 | C125: =IFERROR(AVERAGE(D6:D104),0) | D125: =IF(C125>=7.5,"نقطة قوة",IF(C125>=5.0,"مستوى متوسط","تحتاج دعم"))
B126: ='الواجهة الرئيسية'!F8 | C126: =IFERROR(AVERAGE(E6:E104),0) | D126: =IF(C126>=7.5,"نقطة قوة",IF(C126>=5.0,"مستوى متوسط","تحتاج دعم"))
B127: ='الواجهة الرئيسية'!H8 | C127: =IFERROR(AVERAGE(F6:F104),0) | D127: =IF(C127>=7.5,"نقطة قوة",IF(C127>=5.0,"مستوى متوسط","تحتاج دعم"))
B128: ='الواجهة الرئيسية'!J8 | C128: =IFERROR(AVERAGE(G6:G104),0) | D128: =IF(C128>=7.5,"نقطة قوة",IF(C128>=5.0,"مستوى متوسط","تحتاج دعم"))
B129: ='الواجهة الرئيسية'!B20 | C129: =IFERROR(AVERAGE(H6:H104),0) | D129: =IF(C129>=7.5,"نقطة قوة",IF(C129>=5.0,"مستوى متوسط","تحتاج دعم"))
B130: ='الواجهة الرئيسية'!D20 | C130: =IFERROR(AVERAGE(I6:I104),0) | D130: =IF(C130>=7.5,"نقطة قوة",IF(C130>=5.0,"مستوى متوسط","تحتاج دعم"))
B131: ='الواجهة الرئيسية'!F20 | C131: =IFERROR(AVERAGE(J6:J104),0) | D131: =IF(C131>=7.5,"نقطة قوة",IF(C131>=5.0,"مستوى متوسط","تحتاج دعم"))
B132: ='الواجهة الرئيسية'!H20 | C132: =IFERROR(AVERAGE(K6:K104),0) | D132: =IF(C132>=7.5,"نقطة قوة",IF(C132>=5.0,"مستوى متوسط","تحتاج دعم"))
B133: ='الواجهة الرئيسية'!J20 | C133: =IFERROR(AVERAGE(L6:L104),0) | D133: =IF(C133>=7.5,"نقطة قوة",IF(C133>=5.0,"مستوى متوسط","تحتاج دعم"))

Sheet خطط بعدية
A2: الخطط العلاجية والإثرائية – البعدي
A3: تُنشأ الخطط تلقائياً بناءً على مستوى الطالبة
A4: م | B4: اسم الطالبة | C4: المستوى | D4: نوع الخطة | E4: المهارات المستهدفة | F4: الأنشطة | G4: ملاحظات | H4: تاريخ التنفيذ
A5: 1 | B5: ='قاعدة الأسماء'!B5 | C5: ='الاختبار البعدي'!O6 | D5: =IF(C5="ضعيف","خطة علاجية",IF(C5="متوسط","خطة تطويرية","خطة إثرائية")) | E5: =IF(C5="ضعيف","تركيز على: " & 'الواجهة الرئيسية'!B8 & " و " & 'الواجهة الرئيسية'!F8,IF(C5="متوسط","تطوير: " & 'الواجهة الرئيسية'!D8 & " و " & 'الواجهة الرئيسية'!H8,"إثراء: " & 'الواجهة الرئيسية'!H20 & " و " & 'الواجهة الرئيسية'!J20)) | F5: =IF(C5="ضعيف","تدريبات مكثفة – نماذج سابقة",IF(C5="متوسط","أنشطة تفاعلية – أوراق عمل","مشاريع بحثية – مسابقات نافس"))
A6: 2 | B6: ='قاعدة الأسماء'!B6 | C6: ='الاختبار البعدي'!O7 | D6: =IF(C6="ضعيف","خطة علاجية",IF(C6="متوسط","خطة تطويرية","خطة إثرائية")) | E6: =IF(C6="ضعيف","تركيز على: " & 'الواجهة الرئيسية'!B8 & " و " & 'الواجهة الرئيسية'!F8,IF(C6="متوسط","تطوير: " & 'الواجهة الرئيسية'!D8 & " و " & 'الواجهة الرئيسية'!H8,"إثراء: " & 'الواجهة الرئيسية'!H20 & " و " & 'الواجهة الرئيسية'!J20)) | F6: =IF(C6="ضعيف","تدريبات مكثفة – نماذج سابقة",IF(C6="متوسط","أنشطة تفاعلية – أوراق عمل","مشاريع بحثية – مسابقات نافس"))
A7: 3 | B7: ='قاعدة الأسماء'!B7 | C7: ='الاختبار البعدي'!O8 | D7: =IF(C7="ضعيف","خطة علاجية",IF(C7="متوسط","خطة تطويرية","خطة إثرائية")) | E7: =IF(C7="ضعيف","تركيز على: " & 'الواجهة الرئيسية'!B8 & " و " & 'الواجهة الرئيسية'!F8,IF(C7="متوسط","تطوير: " & 'الواجهة الرئيسية'!D8 & " و " & 'الواجهة الرئيسية'!H8,"إثراء: " & 'الواجهة الرئيسية'!H20 & " و " & 'الواجهة الرئيسية'!J20)) | F7: =IF(C7="ضعيف","تدريبات مكثفة – نماذج سابقة",IF(C7="متوسط","أنشطة تفاعلية – أوراق عمل","مشاريع بحثية – مسابقات نافس"))
A8: 4 | B8: ='قاعدة الأسماء'!B8 | C8: ='الاختبار البعدي'!O9 | D8: =IF(C8="ضعيف","خطة علاجية",IF(C8="متوسط","خطة تطويرية","خطة إثرائية")) | E8: =IF(C8="ضعيف","تركيز على: " & 'الواجهة الرئيسية'!B8 & " و " & 'الواجهة الرئيسية'!F8,IF(C8="متوسط","تطوير: " & 'الواجهة الرئيسية'!D8 & " و " & 'الواجهة الرئيسية'!H8,"إثراء: " & 'الواجهة الرئيسية'!H20 & " و " & 'الواجهة الرئيسية'!J20)) | F8: =IF(C8="ضعيف","تدريبات مكثفة – نماذج سابقة",IF(C8="متوسط","أنشطة تفاعلية – أوراق عمل","مشاريع بحثية – مسابقات نافس"))
A9: 5 | B9: ='قاعدة الأسماء'!B9 | C9: ='الاختبار البعدي'!O10 | D9: =IF(C9="ضعيف","خطة علاجية",IF(C9="متوسط","خطة تطويرية","خطة إثرائية")) | E9: =IF(C9="ضعيف","تركيز على: " & 'الواجهة الرئيسية'!B8 & " و " & 'الواجهة الرئيسية'!F8,IF(C9="متوسط","تطوير: " & 'الواجهة الرئيسية'!D8 & " و " & 'الواجهة الرئيسية'!H8,"إثراء: " & 'الواجهة الرئيسية'!H20 & " و " & 'الواجهة الرئيسية'!J20)) | F9: =IF(C9="ضعيف","تدريبات مكثفة – نماذج سابقة",IF(C9="متوسط","أنشطة تفاعلية – أوراق عمل","مشاريع بحثية – مسابقات نافس"))
A10: 6 | B10: ='قاعدة الأسماء'!B10 | C10: ='الاختبار البعدي'!O11 | D10: =IF(C10="ضعيف","خطة علاجية",IF(C10="متوسط","خطة تطويرية","خطة إثرائية")) | E10: =IF(C10="ضعيف","تركيز على: " & 'الواجهة الرئيسية'!B8 & " و " & 'الواجهة الرئيسية'!F8,IF(C10="متوسط","تطوير: " & 'الواجهة الرئيسية'!D8 & " و " & 'الواجهة الرئيسية'!H8,"إثراء: " & 'الواجهة الرئيسية'!H20 & " و " & 'الواجهة الرئيسية'!J20)) | F10: =IF(C10="ضعيف","تدريبات مكثفة – نماذج سابقة",IF(C10="متوسط","أنشطة تفاعلية – أوراق عمل","مشاريع بحثية – مسابقات نافس"))
A11: 7 | B11: ='قاعدة الأسماء'!B11 | C11: ='الاختبار البعدي'!O12 | D11: =IF(C11="ضعيف","خطة علاجية",IF(C11="متوسط","خطة تطويرية","خطة إثرائية")) | E11: =IF(C11="ضعيف","تركيز على: " & 'الواجهة الرئيسية'!B8 & " و " & 'الواجهة الرئيسية'!F8,IF(C11="متوسط","تطوير: " & 'الواجهة الرئيسية'!D8 & " و " & 'الواجهة الرئيسية'!H8,"إثراء: " & 'الواجهة الرئيسية'!H20 & " و " & 'الواجهة الرئيسية'!J20)) | F11: =IF(C11="ضعيف","تدريبات مكثفة – نماذج سابقة",IF(C11="متوسط","أنشطة تفاعلية – أوراق عمل","مشاريع بحثية – مسابقات نافس"))
A12: 8 | B12: ='قاعدة الأسماء'!B12 | C12: ='الاختبار البعدي'!O13 | D12: =IF(C12="ضعيف","خطة علاجية",IF(C12="متوسط","خطة تطويرية","خطة إثرائية")) | E12: =IF(C12="ضعيف","تركيز على: " & 'الواجهة الرئيسية'!B8 & " و " & 'الواجهة الرئيسية'!F8,IF(C12="متوسط","تطوير: " & 'الواجهة الرئيسية'!D8 & " و " & 'الواجهة الرئيسية'!H8,"إثراء: " & 'الواجهة الرئيسية'!H20 & " و " & 'الواجهة الرئيسية'!J20)) | F12: =IF(C12="ضعيف","تدريبات مكثفة – نماذج سابقة",IF(C12="متوسط","أنشطة تفاعلية – أوراق عمل","مشاريع بحثية – مسابقات نافس"))
A13: 9 | B13: ='قاعدة الأسماء'!B13 | C13: ='الاختبار البعدي'!O14 | D13: =IF(C13="ضعيف","خطة علاجية",IF(C13="متوسط","خطة تطويرية","خطة إثرائية")) | E13: =IF(C13="ضعيف","تركيز على: " & 'الواجهة الرئيسية'!B8 & " و " & 'الواجهة الرئيسية'!F8,IF(C13="متوسط","تطوير: " & 'الواجهة الرئيسية'!D8 & " و " & 'الواجهة الرئيسية'!H8,"إثراء: " & 'الواجهة الرئيسية'!H20 & " و " & 'الواجهة الرئيسية'!J20)) | F13: =IF(C13="ضعيف","تدريبات مكثفة – نماذج سابقة",IF(C13="متوسط","أنشطة تفاعلية – أوراق عمل","مشاريع بحثية – مسابقات نافس"))
A14: 10 | B14: ='قاعدة الأسماء'!B14 | C14: ='الاختبار البعدي'!O15 | D14: =IF(C14="ضعيف","خطة علاجية",IF(C14="متوسط","خطة تطويرية","خطة إثرائية")) | E14: =IF(C14="ضعيف","تركيز على: " & 'الواجهة الرئيسية'!B8 & " و " & 'الواجهة الرئيسية'!F8,IF(C14="متوسط","تطوير: " & 'الواجهة الرئيسية'!D8 & " و " & 'الواجهة الرئيسية'!H8,"إثراء: " & 'الواجهة الرئيسية'!H20 & " و " & 'الواجهة الرئيسية'!J20)) | F14: =IF(C14="ضعيف","تدريبات مكثفة – نماذج سابقة",IF(C14="متوسط","أنشطة تفاعلية – أوراق عمل","مشاريع بحثية – مسابقات نافس"))
A15: 11 | B15: ='قاعدة الأسماء'!B15 | C15: ='الاختبار البعدي'!O16 | D15: =IF(C15="ضعيف","خطة علاجية",IF(C15="متوسط","خطة تطويرية","خطة إثرائية")) | E15: =IF(C15="ضعيف","تركيز على: " & 'الواجهة الرئيسية'!B8 & " و " & 'الواجهة الرئيسية'!F8,IF(C15="متوسط","تطوير: " & 'الواجهة الرئيسية'!D8 & " و " & 'الواجهة الرئيسية'!H8,"إثراء: " & 'الواجهة الرئيسية'!H20 & " و " & 'الواجهة الرئيسية'!J20)) | F15: =IF(C15="ضعيف","تدريبات مكثفة – نماذج سابقة",IF(C15="متوسط","أنشطة تفاعلية – أوراق عمل","مشاريع بحثية – مسابقات نافس"))
A16: 12 | B16: ='قاعدة الأسماء'!B16 | C16: ='الاختبار البعدي'!O17 | D16: =IF(C16="ضعيف","خطة علاجية",IF(C16="متوسط","خطة تطويرية","خطة إثرائية")) | E16: =IF(C16="ضعيف","تركيز على: " & 'الواجهة الرئيسية'!B8 & " و " & 'الواجهة الرئيسية'!F8,IF(C16="متوسط","تطوير: " & 'الواجهة الرئيسية'!D8 & " و " & 'الواجهة الرئيسية'!H8,"إثراء: " & 'الواجهة الرئيسية'!H20 & " و " & 'الواجهة الرئيسية'!J20)) | F16: =IF(C16="ضعيف","تدريبات مكثفة – نماذج سابقة",IF(C16="متوسط","أنشطة تفاعلية – أوراق عمل","مشاريع بحثية – مسابقات نافس"))
A17: 13 | B17: ='قاعدة الأسماء'!B17 | C17: ='الاختبار البعدي'!O18 | D17: =IF(C17="ضعيف","خطة علاجية",IF(C17="متوسط","خطة تطويرية","خطة إثرائية")) | E17: =IF(C17="ضعيف","تركيز على: " & 'الواجهة الرئيسية'!B8 & " و " & 'الواجهة الرئيسية'!F8,IF(C17="متوسط","تطوير: " & 'الواجهة الرئيسية'!D8 & " و " & 'الواجهة الرئيسية'!H8,"إثراء: " & 'الواجهة الرئيسية'!H20 & " و " & 'الواجهة الرئيسية'!J20)) | F17: =IF(C17="ضعيف","تدريبات مكثفة – نماذج سابقة",IF(C17="متوسط","أنشطة تفاعلية – أوراق عمل","مشاريع بحثية – مسابقات نافس"))
A18: 14 | B18: ='قاعدة الأسماء'!B18 | C18: ='الاختبار البعدي'!O19 | D18: =IF(C18="ضعيف","خطة علاجية",IF(C18="متوسط","خطة تطويرية","خطة إثرائية")) | E18: =IF(C18="ضعيف","تركيز على: " & 'الواجهة الرئيسية'!B8 & " و " & 'الواجهة الرئيسية'!F8,IF(C18="متوسط","تطوير: " & 'الواجهة الرئيسية'!D8 & " و " & 'الواجهة الرئيسية'!H8,"إثراء: " & 'الواجهة الرئيسية'!H20 & " و " & 'الواجهة الرئيسية'!J20)) | F18: =IF(C18="ضعيف","تدريبات مكثفة – نماذج سابقة",IF(C18="متوسط","أنشطة تفاعلية – أوراق عمل","مشاريع بحثية – مسابقات نافس"))
A19: 15 | B19: ='قاعدة الأسماء'!B19 | C19: ='الاختبار البعدي'!O20 | D19: =IF(C19="ضعيف","خطة علاجية",IF(C19="متوسط","خطة تطويرية","خطة إثرائية")) | E19: =IF(C19="ضعيف","تركيز على: " & 'الواجهة الرئيسية'!B8 & " و " & 'الواجهة الرئيسية'!F8,IF(C19="متوسط","تطوير: " & 'الواجهة الرئيسية'!D8 & " و " & 'الواجهة الرئيسية'!H8,"إثراء: " & 'الواجهة الرئيسية'!H20 & " و " & 'الواجهة الرئيسية'!J20)) | F19: =IF(C19="ضعيف","تدريبات مكثفة – نماذج سابقة",IF(C19="متوسط","أنشطة تفاعلية – أوراق عمل","مشاريع بحثية – مسابقات نافس"))
A20: 16 | B20: ='قاعدة الأسماء'!B20 | C20: ='الاختبار البعدي'!O21 | D20: =IF(C20="ضعيف","خطة علاجية",IF(C20="متوسط","خطة تطويرية","خطة إثرائية")) | E20: =IF(C20="ضعيف","تركيز على: " & 'الواجهة الرئيسية'!B8 & " و " & 'الواجهة الرئيسية'!F8,IF(C20="متوسط","تطوير: " & 'الواجهة الرئيسية'!D8 & " و " & 'الواجهة الرئيسية'!H8,"إثراء: " & 'الواجهة الرئيسية'!H20 & " و " & 'الواجهة الرئيسية'!J20)) | F20: =IF(C20="ضعيف","تدريبات مكثفة – نماذج سابقة",IF(C20="متوسط","أنشطة تفاعلية – أوراق عمل","مشاريع بحثية – مسابقات نافس"))
A21: 17 | B21: ='قاعدة الأسماء'!B21 | C21: ='الاختبار البعدي'!O22 | D21: =IF(C21="ضعيف","خطة علاجية",IF(C21="متوسط","خطة تطويرية","خطة إثرائية")) | E21: =IF(C21="ضعيف","تركيز على: " & 'الواجهة الرئيسية'!B8 & " و " & 'الواجهة الرئيسية'!F8,IF(C21="متوسط","تطوير: " & 'الواجهة الرئيسية'!D8 & " و " & 'الواجهة الرئيسية'!H8,"إثراء: " & 'الواجهة الرئيسية'!H20 & " و " & 'الواجهة الرئيسية'!J20)) | F21: =IF(C21="ضعيف","تدريبات مكثفة – نماذج سابقة",IF(C21="متوسط","أنشطة تفاعلية – أوراق عمل","مشاريع بحثية – مسابقات نافس"))
A22: 18 | B22: ='قاعدة الأسماء'!B22 | C22: ='الاختبار البعدي'!O23 | D22: =IF(C22="ضعيف","خطة علاجية",IF(C22="متوسط","خطة تطويرية","خطة إثرائية")) | E22: =IF(C22="ضعيف","تركيز على: " & 'الواجهة الرئيسية'!B8 & " و " & 'الواجهة الرئيسية'!F8,IF(C22="متوسط","تطوير: " & 'الواجهة الرئيسية'!D8 & " و " & 'الواجهة الرئيسية'!H8,"إثراء: " & 'الواجهة الرئيسية'!H20 & " و " & 'الواجهة الرئيسية'!J20)) | F22: =IF(C22="ضعيف","تدريبات مكثفة – نماذج سابقة",IF(C22="متوسط","أنشطة تفاعلية – أوراق عمل","مشاريع بحثية – مسابقات نافس"))
A23: 19 | B23: ='قاعدة الأسماء'!B23 | C23: ='الاختبار البعدي'!O24 | D23: =IF(C23="ضعيف","خطة علاجية",IF(C23="متوسط","خطة تطويرية","خطة إثرائية")) | E23: =IF(C23="ضعيف","تركيز على: " & 'الواجهة الرئيسية'!B8 & " و " & 'الواجهة الرئيسية'!F8,IF(C23="متوسط","تطوير: " & 'الواجهة الرئيسية'!D8 & " و " & 'الواجهة الرئيسية'!H8,"إثراء: " & 'الواجهة الرئيسية'!H20 & " و " & 'الواجهة الرئيسية'!J20)) | F23: =IF(C23="ضعيف","تدريبات مكثفة – نماذج سابقة",IF(C23="متوسط","أنشطة تفاعلية – أوراق عمل","مشاريع بحثية – مسابقات نافس"))
A24: 20 | B24: ='قاعدة الأسماء'!B24 | C24: ='الاختبار البعدي'!O25 | D24: =IF(C24="ضعيف","خطة علاجية",IF(C24="متوسط","خطة تطويرية","خطة إثرائية")) | E24: =IF(C24="ضعيف","تركيز على: " & 'الواجهة الرئيسية'!B8 & " و " & 'الواجهة الرئيسية'!F8,IF(C24="متوسط","تطوير: " & 'الواجهة الرئيسية'!D8 & " و " & 'الواجهة الرئيسية'!H8,"إثراء: " & 'الواجهة الرئيسية'!H20 & " و " & 'الواجهة الرئيسية'!J20)) | F24: =IF(C24="ضعيف","تدريبات مكثفة – نماذج سابقة",IF(C24="متوسط","أنشطة تفاعلية – أوراق عمل","مشاريع بحثية – مسابقات نافس"))
A25: 21 | B25: ='قاعدة الأسماء'!B25 | C25: ='الاختبار البعدي'!O26 | D25: =IF(C25="ضعيف","خطة علاجية",IF(C25="متوسط","خطة تطويرية","خطة إثرائية")) | E25: =IF(C25="ضعيف","تركيز على: " & 'الواجهة الرئيسية'!B8 & " و " & 'الواجهة الرئيسية'!F8,IF(C25="متوسط","تطوير: " & 'الواجهة الرئيسية'!D8 & " و " & 'الواجهة الرئيسية'!H8,"إثراء: " & 'الواجهة الرئيسية'!H20 & " و " & 'الواجهة الرئيسية'!J20)) | F25: =IF(C25="ضعيف","تدريبات مكثفة – نماذج سابقة",IF(C25="متوسط","أنشطة تفاعلية – أوراق عمل","مشاريع بحثية – مسابقات نافس"))
A26: 22 | B26: ='قاعدة الأسماء'!B26 | C26: ='الاختبار البعدي'!O27 | D26: =IF(C26="ضعيف","خطة علاجية",IF(C26="متوسط","خطة تطويرية","خطة إثرائية")) | E26: =IF(C26="ضعيف","تركيز على: " & 'الواجهة الرئيسية'!B8 & " و " & 'الواجهة الرئيسية'!F8,IF(C26="متوسط","تطوير: " & 'الواجهة الرئيسية'!D8 & " و " & 'الواجهة الرئيسية'!H8,"إثراء: " & 'الواجهة الرئيسية'!H20 & " و " & 'الواجهة الرئيسية'!J20)) | F26: =IF(C26="ضعيف","تدريبات مكثفة – نماذج سابقة",IF(C26="متوسط","أنشطة تفاعلية – أوراق عمل","مشاريع بحثية – مسابقات نافس"))
A27: 23 | B27: ='قاعدة الأسماء'!B27 | C27: ='الاختبار البعدي'!O28 | D27: =IF(C27="ضعيف","خطة علاجية",IF(C27="متوسط","خطة تطويرية","خطة إثرائية")) | E27: =IF(C27="ضعيف","تركيز على: " & 'الواجهة الرئيسية'!B8 & " و " & 'الواجهة الرئيسية'!F8,IF(C27="متوسط","تطوير: " & 'الواجهة الرئيسية'!D8 & " و " & 'الواجهة الرئيسية'!H8,"إثراء: " & 'الواجهة الرئيسية'!H20 & " و " & 'الواجهة الرئيسية'!J20)) | F27: =IF(C27="ضعيف","تدريبات مكثفة – نماذج سابقة",IF(C27="متوسط","أنشطة تفاعلية – أوراق عمل","مشاريع بحثية – مسابقات نافس"))
A28: 24 | B28: ='قاعدة الأسماء'!B28 | C28: ='الاختبار البعدي'!O29 | D28: =IF(C28="ضعيف","خطة علاجية",IF(C28="متوسط","خطة تطويرية","خطة إثرائية")) | E28: =IF(C28="ضعيف","تركيز على: " & 'الواجهة الرئيسية'!B8 & " و " & 'الواجهة الرئيسية'!F8,IF(C28="متوسط","تطوير: " & 'الواجهة الرئيسية'!D8 & " و " & 'الواجهة الرئيسية'!H8,"إثراء: " & 'الواجهة الرئيسية'!H20 & " و " & 'الواجهة الرئيسية'!J20)) | F28: =IF(C28="ضعيف","تدريبات مكثفة – نماذج سابقة",IF(C28="متوسط","أنشطة تفاعلية – أوراق عمل","مشاريع بحثية – مسابقات نافس"))
A29: 25 | B29: ='قاعدة الأسماء'!B29 | C29: ='الاختبار البعدي'!O30 | D29: =IF(C29="ضعيف","خطة علاجية",IF(C29="متوسط","خطة تطويرية","خطة إثرائية")) | E29: =IF(C29="ضعيف","تركيز على: " & 'الواجهة الرئيسية'!B8 & " و " & 'الواجهة الرئيسية'!F8,IF(C29="متوسط","تطوير: " & 'الواجهة الرئيسية'!D8 & " و " & 'الواجهة الرئيسية'!H8,"إثراء: " & 'الواجهة الرئيسية'!H20 & " و " & 'الواجهة الرئيسية'!J20)) | F29: =IF(C29="ضعيف","تدريبات مكثفة – نماذج سابقة",IF(C29="متوسط","أنشطة تفاعلية – أوراق عمل","مشاريع بحثية – مسابقات نافس"))
A30: 26 | B30: ='قاعدة الأسماء'!B30 | C30: ='الاختبار البعدي'!O31 | D30: =IF(C30="ضعيف","خطة علاجية",IF(C30="متوسط","خطة تطويرية","خطة إثرائية")) | E30: =IF(C30="ضعيف","تركيز على: " & 'الواجهة الرئيسية'!B8 & " و " & 'الواجهة الرئيسية'!F8,IF(C30="متوسط","تطوير: " & 'الواجهة الرئيسية'!D8 & " و " & 'الواجهة الرئيسية'!H8,"إثراء: " & 'الواجهة الرئيسية'!H20 & " و " & 'الواجهة الرئيسية'!J20)) | F30: =IF(C30="ضعيف","تدريبات مكثفة – نماذج سابقة",IF(C30="متوسط","أنشطة تفاعلية – أوراق عمل","مشاريع بحثية – مسابقات نافس"))
A31: 27 | B31: ='قاعدة الأسماء'!B31 | C31: ='الاختبار البعدي'!O32 | D31: =IF(C31="ضعيف","خطة علاجية",IF(C31="متوسط","خطة تطويرية","خطة إثرائية")) | E31: =IF(C31="ضعيف","تركيز على: " & 'الواجهة الرئيسية'!B8 & " و " & 'الواجهة الرئيسية'!F8,IF(C31="متوسط","تطوير: " & 'الواجهة الرئيسية'!D8 & " و " & 'الواجهة الرئيسية'!H8,"إثراء: " & 'الواجهة الرئيسية'!H20 & " و " & 'الواجهة الرئيسية'!J20)) | F31: =IF(C31="ضعيف","تدريبات مكثفة – نماذج سابقة",IF(C31="متوسط","أنشطة تفاعلية – أوراق عمل","مشاريع بحثية – مسابقات نافس"))
A32: 28 | B32: ='قاعدة الأسماء'!B32 | C32: ='الاختبار البعدي'!O33 | D32: =IF(C32="ضعيف","خطة علاجية",IF(C32="متوسط","خطة تطويرية","خطة إثرائية")) | E32: =IF(C32="ضعيف","تركيز على: " & 'الواجهة الرئيسية'!B8 & " و " & 'الواجهة الرئيسية'!F8,IF(C32="متوسط","تطوير: " & 'الواجهة الرئيسية'!D8 & " و " & 'الواجهة الرئيسية'!H8,"إثراء: " & 'الواجهة الرئيسية'!H20 & " و " & 'الواجهة الرئيسية'!J20)) | F32: =IF(C32="ضعيف","تدريبات مكثفة – نماذج سابقة",IF(C32="متوسط","أنشطة تفاعلية – أوراق عمل","مشاريع بحثية – مسابقات نافس"))
A33: 29 | B33: ='قاعدة الأسماء'!B33 | C33: ='الاختبار البعدي'!O34 | D33: =IF(C33="ضعيف","خطة علاجية",IF(C33="متوسط","خطة تطويرية","خطة إثرائية")) | E33: =IF(C33="ضعيف","تركيز على: " & 'الواجهة الرئيسية'!B8 & " و " & 'الواجهة الرئيسية'!F8,IF(C33="متوسط","تطوير: " & 'الواجهة الرئيسية'!D8 & " و " & 'الواجهة الرئيسية'!H8,"إثراء: " & 'الواجهة الرئيسية'!H20 & " و " & 'الواجهة الرئيسية'!J20)) | F33: =IF(C33="ضعيف","تدريبات مكثفة – نماذج سابقة",IF(C33="متوسط","أنشطة تفاعلية – أوراق عمل","مشاريع بحثية – مسابقات نافس"))
A34: 30 | B34: ='قاعدة الأسماء'!B34 | C34: ='الاختبار البعدي'!O35 | D34: =IF(C34="ضعيف","خطة علاجية",IF(C34="متوسط","خطة تطويرية","خطة إثرائية")) | E34: =IF(C34="ضعيف","تركيز على: " & 'الواجهة الرئيسية'!B8 & " و " & 'الواجهة الرئيسية'!F8,IF(C34="متوسط","تطوير: " & 'الواجهة الرئيسية'!D8 & " و " & 'الواجهة الرئيسية'!H8,"إثراء: " & 'الواجهة الرئيسية'!H20 & " و " & 'الواجهة الرئيسية'!J20)) | F34: =IF(C34="ضعيف","تدريبات مكثفة – نماذج سابقة",IF(C34="متوسط","أنشطة تفاعلية – أوراق عمل","مشاريع بحثية – مسابقات نافس"))
A35: 31 | B35: ='قاعدة الأسماء'!B35 | C35: ='الاختبار البعدي'!O36 | D35: =IF(C35="ضعيف","خطة علاجية",IF(C35="متوسط","خطة تطويرية","خطة إثرائية")) | E35: =IF(C35="ضعيف","تركيز على: " & 'الواجهة الرئيسية'!B8 & " و " & 'الواجهة الرئيسية'!F8,IF(C35="متوسط","تطوير: " & 'الواجهة الرئيسية'!D8 & " و " & 'الواجهة الرئيسية'!H8,"إثراء: " & 'الواجهة الرئيسية'!H20 & " و " & 'الواجهة الرئيسية'!J20)) | F35: =IF(C35="ضعيف","تدريبات مكثفة – نماذج سابقة",IF(C35="متوسط","أنشطة تفاعلية – أوراق عمل","مشاريع بحثية – مسابقات نافس"))
A36: 32 | B36: ='قاعدة الأسماء'!B36 | C36: ='الاختبار البعدي'!O37 | D36: =IF(C36="ضعيف","خطة علاجية",IF(C36="متوسط","خطة تطويرية","خطة إثرائية")) | E36: =IF(C36="ضعيف","تركيز على: " & 'الواجهة الرئيسية'!B8 & " و " & 'الواجهة الرئيسية'!F8,IF(C36="متوسط","تطوير: " & 'الواجهة الرئيسية'!D8 & " و " & 'الواجهة الرئيسية'!H8,"إثراء: " & 'الواجهة الرئيسية'!H20 & " و " & 'الواجهة الرئيسية'!J20)) | F36: =IF(C36="ضعيف","تدريبات مكثفة – نماذج سابقة",IF(C36="متوسط","أنشطة تفاعلية – أوراق عمل","مشاريع بحثية – مسابقات نافس"))
A37: 33 | B37: ='قاعدة الأسماء'!B37 | C37: ='الاختبار البعدي'!O38 | D37: =IF(C37="ضعيف","خطة علاجية",IF(C37="متوسط","خطة تطويرية","خطة إثرائية")) | E37: =IF(C37="ضعيف","تركيز على: " & 'الواجهة الرئيسية'!B8 & " و " & 'الواجهة الرئيسية'!F8,IF(C37="متوسط","تطوير: " & 'الواجهة الرئيسية'!D8 & " و " & 'الواجهة الرئيسية'!H8,"إثراء: " & 'الواجهة الرئيسية'!H20 & " و " & 'الواجهة الرئيسية'!J20)) | F37: =IF(C37="ضعيف","تدريبات مكثفة – نماذج سابقة",IF(C37="متوسط","أنشطة تفاعلية – أوراق عمل","مشاريع بحثية – مسابقات نافس"))
A38: 34 | B38: ='قاعدة الأسماء'!B38 | C38: ='الاختبار البعدي'!O39 | D38: =IF(C38="ضعيف","خطة علاجية",IF(C38="متوسط","خطة تطويرية","خطة إثرائية")) | E38: =IF(C38="ضعيف","تركيز على: " & 'الواجهة الرئيسية'!B8 & " و " & 'الواجهة الرئيسية'!F8,IF(C38="متوسط","تطوير: " & 'الواجهة الرئيسية'!D8 & " و " & 'الواجهة الرئيسية'!H8,"إثراء: " & 'الواجهة الرئيسية'!H20 & " و " & 'الواجهة الرئيسية'!J20)) | F38: =IF(C38="ضعيف","تدريبات مكثفة – نماذج سابقة",IF(C38="متوسط","أنشطة تفاعلية – أوراق عمل","مشاريع بحثية – مسابقات نافس"))
A39: 35 | B39: ='قاعدة الأسماء'!B39 | C39: ='الاختبار البعدي'!O40 | D39: =IF(C39="ضعيف","خطة علاجية",IF(C39="متوسط","خطة تطويرية","خطة إثرائية")) | E39: =IF(C39="ضعيف","تركيز على: " & 'الواجهة الرئيسية'!B8 & " و " & 'الواجهة الرئيسية'!F8,IF(C39="متوسط","تطوير: " & 'الواجهة الرئيسية'!D8 & " و " & 'الواجهة الرئيسية'!H8,"إثراء: " & 'الواجهة الرئيسية'!H20 & " و " & 'الواجهة الرئيسية'!J20)) | F39: =IF(C39="ضعيف","تدريبات مكثفة – نماذج سابقة",IF(C39="متوسط","أنشطة تفاعلية – أوراق عمل","مشاريع بحثية – مسابقات نافس"))
A40: 36 | B40: ='قاعدة الأسماء'!B40 | C40: ='الاختبار البعدي'!O41 | D40: =IF(C40="ضعيف","خطة علاجية",IF(C40="متوسط","خطة تطويرية","خطة إثرائية")) | E40: =IF(C40="ضعيف","تركيز على: " & 'الواجهة الرئيسية'!B8 & " و " & 'الواجهة الرئيسية'!F8,IF(C40="متوسط","تطوير: " & 'الواجهة الرئيسية'!D8 & " و " & 'الواجهة الرئيسية'!H8,"إثراء: " & 'الواجهة الرئيسية'!H20 & " و " & 'الواجهة الرئيسية'!J20)) | F40: =IF(C40="ضعيف","تدريبات مكثفة – نماذج سابقة",IF(C40="متوسط","أنشطة تفاعلية – أوراق عمل","مشاريع بحثية – مسابقات نافس"))
A41: 37 | B41: ='قاعدة الأسماء'!B41 | C41: ='الاختبار البعدي'!O42 | D41: =IF(C41="ضعيف","خطة علاجية",IF(C41="متوسط","خطة تطويرية","خطة إثرائية")) | E41: =IF(C41="ضعيف","تركيز على: " & 'الواجهة الرئيسية'!B8 & " و " & 'الواجهة الرئيسية'!F8,IF(C41="متوسط","تطوير: " & 'الواجهة الرئيسية'!D8 & " و " & 'الواجهة الرئيسية'!H8,"إثراء: " & 'الواجهة الرئيسية'!H20 & " و " & 'الواجهة الرئيسية'!J20)) | F41: =IF(C41="ضعيف","تدريبات مكثفة – نماذج سابقة",IF(C41="متوسط","أنشطة تفاعلية – أوراق عمل","مشاريع بحثية – مسابقات نافس"))
A42: 38 | B42: ='قاعدة الأسماء'!B42 | C42: ='الاختبار البعدي'!O43 | D42: =IF(C42="ضعيف","خطة علاجية",IF(C42="متوسط","خطة تطويرية","خطة إثرائية")) | E42: =IF(C42="ضعيف","تركيز على: " & 'الواجهة الرئيسية'!B8 & " و " & 'الواجهة الرئيسية'!F8,IF(C42="متوسط","تطوير: " & 'الواجهة الرئيسية'!D8 & " و " & 'الواجهة الرئيسية'!H8,"إثراء: " & 'الواجهة الرئيسية'!H20 & " و " & 'الواجهة الرئيسية'!J20)) | F42: =IF(C42="ضعيف","تدريبات مكثفة – نماذج سابقة",IF(C42="متوسط","أنشطة تفاعلية – أوراق عمل","مشاريع بحثية – مسابقات نافس"))
A43: 39 | B43: ='قاعدة الأسماء'!B43 | C43: ='الاختبار البعدي'!O44 | D43: =IF(C43="ضعيف","خطة علاجية",IF(C43="متوسط","خطة تطويرية","خطة إثرائية")) | E43: =IF(C43="ضعيف","تركيز على: " & 'الواجهة الرئيسية'!B8 & " و " & 'الواجهة الرئيسية'!F8,IF(C43="متوسط","تطوير: " & 'الواجهة الرئيسية'!D8 & " و " & 'الواجهة الرئيسية'!H8,"إثراء: " & 'الواجهة الرئيسية'!H20 & " و " & 'الواجهة الرئيسية'!J20)) | F43: =IF(C43="ضعيف","تدريبات مكثفة – نماذج سابقة",IF(C43="متوسط","أنشطة تفاعلية – أوراق عمل","مشاريع بحثية – مسابقات نافس"))
A44: 40 | B44: ='قاعدة الأسماء'!B44 | C44: ='الاختبار البعدي'!O45 | D44: =IF(C44="ضعيف","خطة علاجية",IF(C44="متوسط","خطة تطويرية","خطة إثرائية")) | E44: =IF(C44="ضعيف","تركيز على: " & 'الواجهة الرئيسية'!B8 & " و " & 'الواجهة الرئيسية'!F8,IF(C44="متوسط","تطوير: " & 'الواجهة الرئيسية'!D8 & " و " & 'الواجهة الرئيسية'!H8,"إثراء: " & 'الواجهة الرئيسية'!H20 & " و " & 'الواجهة الرئيسية'!J20)) | F44: =IF(C44="ضعيف","تدريبات مكثفة – نماذج سابقة",IF(C44="متوسط","أنشطة تفاعلية – أوراق عمل","مشاريع بحثية – مسابقات نافس"))
A45: 41 | B45: ='قاعدة الأسماء'!B45 | C45: ='الاختبار البعدي'!O46 | D45: =IF(C45="ضعيف","خطة علاجية",IF(C45="متوسط","خطة تطويرية","خطة إثرائية")) | E45: =IF(C45="ضعيف","تركيز على: " & 'الواجهة الرئيسية'!B8 & " و " & 'الواجهة الرئيسية'!F8,IF(C45="متوسط","تطوير: " & 'الواجهة الرئيسية'!D8 & " و " & 'الواجهة الرئيسية'!H8,"إثراء: " & 'الواجهة الرئيسية'!H20 & " و " & 'الواجهة الرئيسية'!J20)) | F45: =IF(C45="ضعيف","تدريبات مكثفة – نماذج سابقة",IF(C45="متوسط","أنشطة تفاعلية – أوراق عمل","مشاريع بحثية – مسابقات نافس"))
A46: 42 | B46: ='قاعدة الأسماء'!B46 | C46: ='الاختبار البعدي'!O47 | D46: =IF(C46="ضعيف","خطة علاجية",IF(C46="متوسط","خطة تطويرية","خطة إثرائية")) | E46: =IF(C46="ضعيف","تركيز على: " & 'الواجهة الرئيسية'!B8 & " و " & 'الواجهة الرئيسية'!F8,IF(C46="متوسط","تطوير: " & 'الواجهة الرئيسية'!D8 & " و " & 'الواجهة الرئيسية'!H8,"إثراء: " & 'الواجهة الرئيسية'!H20 & " و " & 'الواجهة الرئيسية'!J20)) | F46: =IF(C46="ضعيف","تدريبات مكثفة – نماذج سابقة",IF(C46="متوسط","أنشطة تفاعلية – أوراق عمل","مشاريع بحثية – مسابقات نافس"))
A47: 43 | B47: ='قاعدة الأسماء'!B47 | C47: ='الاختبار البعدي'!O48 | D47: =IF(C47="ضعيف","خطة علاجية",IF(C47="متوسط","خطة تطويرية","خطة إثرائية")) | E47: =IF(C47="ضعيف","تركيز على: " & 'الواجهة الرئيسية'!B8 & " و " & 'الواجهة الرئيسية'!F8,IF(C47="متوسط","تطوير: " & 'الواجهة الرئيسية'!D8 & " و " & 'الواجهة الرئيسية'!H8,"إثراء: " & 'الواجهة الرئيسية'!H20 & " و " & 'الواجهة الرئيسية'!J20)) | F47: =IF(C47="ضعيف","تدريبات مكثفة – نماذج سابقة",IF(C47="متوسط","أنشطة تفاعلية – أوراق عمل","مشاريع بحثية – مسابقات نافس"))
A48: 44 | B48: ='قاعدة الأسماء'!B48 | C48: ='الاختبار البعدي'!O49 | D48: =IF(C48="ضعيف","خطة علاجية",IF(C48="متوسط","خطة تطويرية","خطة إثرائية")) | E48: =IF(C48="ضعيف","تركيز على: " & 'الواجهة الرئيسية'!B8 & " و " & 'الواجهة الرئيسية'!F8,IF(C48="متوسط","تطوير: " & 'الواجهة الرئيسية'!D8 & " و " & 'الواجهة الرئيسية'!H8,"إثراء: " & 'الواجهة الرئيسية'!H20 & " و " & 'الواجهة الرئيسية'!J20)) | F48: =IF(C48="ضعيف","تدريبات مكثفة – نماذج سابقة",IF(C48="متوسط","أنشطة تفاعلية – أوراق عمل","مشاريع بحثية – مسابقات نافس"))
A49: 45 | B49: ='قاعدة الأسماء'!B49 | C49: ='الاختبار البعدي'!O50 | D49: =IF(C49="ضعيف","خطة علاجية",IF(C49="متوسط","خطة تطويرية","خطة إثرائية")) | E49: =IF(C49="ضعيف","تركيز على: " & 'الواجهة الرئيسية'!B8 & " و " & 'الواجهة الرئيسية'!F8,IF(C49="متوسط","تطوير: " & 'الواجهة الرئيسية'!D8 & " و " & 'الواجهة الرئيسية'!H8,"إثراء: " & 'الواجهة الرئيسية'!H20 & " و " & 'الواجهة الرئيسية'!J20)) | F49: =IF(C49="ضعيف","تدريبات مكثفة – نماذج سابقة",IF(C49="متوسط","أنشطة تفاعلية – أوراق عمل","مشاريع بحثية – مسابقات نافس"))
A50: 46 | B50: ='قاعدة الأسماء'!B50 | C50: ='الاختبار البعدي'!O51 | D50: =IF(C50="ضعيف","خطة علاجية",IF(C50="متوسط","خطة تطويرية","خطة إثرائية")) | E50: =IF(C50="ضعيف","تركيز على: " & 'الواجهة الرئيسية'!B8 & " و " & 'الواجهة الرئيسية'!F8,IF(C50="متوسط","تطوير: " & 'الواجهة الرئيسية'!D8 & " و " & 'الواجهة الرئيسية'!H8,"إثراء: " & 'الواجهة الرئيسية'!H20 & " و " & 'الواجهة الرئيسية'!J20)) | F50: =IF(C50="ضعيف","تدريبات مكثفة – نماذج سابقة",IF(C50="متوسط","أنشطة تفاعلية – أوراق عمل","مشاريع بحثية – مسابقات نافس"))
A51: 47 | B51: ='قاعدة الأسماء'!B51 | C51: ='الاختبار البعدي'!O52 | D51: =IF(C51="ضعيف","خطة علاجية",IF(C51="متوسط","خطة تطويرية","خطة إثرائية")) | E51: =IF(C51="ضعيف","تركيز على: " & 'الواجهة الرئيسية'!B8 & " و " & 'الواجهة الرئيسية'!F8,IF(C51="متوسط","تطوير: " & 'الواجهة الرئيسية'!D8 & " و " & 'الواجهة الرئيسية'!H8,"إثراء: " & 'الواجهة الرئيسية'!H20 & " و " & 'الواجهة الرئيسية'!J20)) | F51: =IF(C51="ضعيف","تدريبات مكثفة – نماذج سابقة",IF(C51="متوسط","أنشطة تفاعلية – أوراق عمل","مشاريع بحثية – مسابقات نافس"))
A52: 48 | B52: ='قاعدة الأسماء'!B52 | C52: ='الاختبار البعدي'!O53 | D52: =IF(C52="ضعيف","خطة علاجية",IF(C52="متوسط","خطة تطويرية","خطة إثرائية")) | E52: =IF(C52="ضعيف","تركيز على: " & 'الواجهة الرئيسية'!B8 & " و " & 'الواجهة الرئيسية'!F8,IF(C52="متوسط","تطوير: " & 'الواجهة الرئيسية'!D8 & " و " & 'الواجهة الرئيسية'!H8,"إثراء: " & 'الواجهة الرئيسية'!H20 & " و " & 'الواجهة الرئيسية'!J20)) | F52: =IF(C52="ضعيف","تدريبات مكثفة – نماذج سابقة",IF(C52="متوسط","أنشطة تفاعلية – أوراق عمل","مشاريع بحثية – مسابقات نافس"))
A53: 49 | B53: ='قاعدة الأسماء'!B53 | C53: ='الاختبار البعدي'!O54 | D53: =IF(C53="ضعيف","خطة علاجية",IF(C53="متوسط","خطة تطويرية","خطة إثرائية")) | E53: =IF(C53="ضعيف","تركيز على: " & 'الواجهة الرئيسية'!B8 & " و " & 'الواجهة الرئيسية'!F8,IF(C53="متوسط","تطوير: " & 'الواجهة الرئيسية'!D8 & " و " & 'الواجهة الرئيسية'!H8,"إثراء: " & 'الواجهة الرئيسية'!H20 & " و " & 'الواجهة الرئيسية'!J20)) | F53: =IF(C53="ضعيف","تدريبات مكثفة – نماذج سابقة",IF(C53="متوسط","أنشطة تفاعلية – أوراق عمل","مشاريع بحثية – مسابقات نافس"))
A54: 50 | B54: ='قاعدة الأسماء'!B54 | C54: ='الاختبار البعدي'!O55 | D54: =IF(C54="ضعيف","خطة علاجية",IF(C54="متوسط","خطة تطويرية","خطة إثرائية")) | E54: =IF(C54="ضعيف","تركيز على: " & 'الواجهة الرئيسية'!B8 & " و " & 'الواجهة الرئيسية'!F8,IF(C54="متوسط","تطوير: " & 'الواجهة الرئيسية'!D8 & " و " & 'الواجهة الرئيسية'!H8,"إثراء: " & 'الواجهة الرئيسية'!H20 & " و " & 'الواجهة الرئيسية'!J20)) | F54: =IF(C54="ضعيف","تدريبات مكثفة – نماذج سابقة",IF(C54="متوسط","أنشطة تفاعلية – أوراق عمل","مشاريع بحثية – مسابقات نافس"))
A55: 51 | B55: ='قاعدة الأسماء'!B55 | C55: ='الاختبار البعدي'!O56 | D55: =IF(C55="ضعيف","خطة علاجية",IF(C55="متوسط","خطة تطويرية","خطة إثرائية")) | E55: =IF(C55="ضعيف","تركيز على: " & 'الواجهة الرئيسية'!B8 & " و " & 'الواجهة الرئيسية'!F8,IF(C55="متوسط","تطوير: " & 'الواجهة الرئيسية'!D8 & " و " & 'الواجهة الرئيسية'!H8,"إثراء: " & 'الواجهة الرئيسية'!H20 & " و " & 'الواجهة الرئيسية'!J20)) | F55: =IF(C55="ضعيف","تدريبات مكثفة – نماذج سابقة",IF(C55="متوسط","أنشطة تفاعلية – أوراق عمل","مشاريع بحثية – مسابقات نافس"))
A56: 52 | B56: ='قاعدة الأسماء'!B56 | C56: ='الاختبار البعدي'!O57 | D56: =IF(C56="ضعيف","خطة علاجية",IF(C56="متوسط","خطة تطويرية","خطة إثرائية")) | E56: =IF(C56="ضعيف","تركيز على: " & 'الواجهة الرئيسية'!B8 & " و " & 'الواجهة الرئيسية'!F8,IF(C56="متوسط","تطوير: " & 'الواجهة الرئيسية'!D8 & " و " & 'الواجهة الرئيسية'!H8,"إثراء: " & 'الواجهة الرئيسية'!H20 & " و " & 'الواجهة الرئيسية'!J20)) | F56: =IF(C56="ضعيف","تدريبات مكثفة – نماذج سابقة",IF(C56="متوسط","أنشطة تفاعلية – أوراق عمل","مشاريع بحثية – مسابقات نافس"))
A57: 53 | B57: ='قاعدة الأسماء'!B57 | C57: ='الاختبار البعدي'!O58 | D57: =IF(C57="ضعيف","خطة علاجية",IF(C57="متوسط","خطة تطويرية","خطة إثرائية")) | E57: =IF(C57="ضعيف","تركيز على: " & 'الواجهة الرئيسية'!B8 & " و " & 'الواجهة الرئيسية'!F8,IF(C57="متوسط","تطوير: " & 'الواجهة الرئيسية'!D8 & " و " & 'الواجهة الرئيسية'!H8,"إثراء: " & 'الواجهة الرئيسية'!H20 & " و " & 'الواجهة الرئيسية'!J20)) | F57: =IF(C57="ضعيف","تدريبات مكثفة – نماذج سابقة",IF(C57="متوسط","أنشطة تفاعلية – أوراق عمل","مشاريع بحثية – مسابقات نافس"))
A58: 54 | B58: ='قاعدة الأسماء'!B58 | C58: ='الاختبار البعدي'!O59 | D58: =IF(C58="ضعيف","خطة علاجية",IF(C58="متوسط","خطة تطويرية","خطة إثرائية")) | E58: =IF(C58="ضعيف","تركيز على: " & 'الواجهة الرئيسية'!B8 & " و " & 'الواجهة الرئيسية'!F8,IF(C58="متوسط","تطوير: " & 'الواجهة الرئيسية'!D8 & " و " & 'الواجهة الرئيسية'!H8,"إثراء: " & 'الواجهة الرئيسية'!H20 & " و " & 'الواجهة الرئيسية'!J20)) | F58: =IF(C58="ضعيف","تدريبات مكثفة – نماذج سابقة",IF(C58="متوسط","أنشطة تفاعلية – أوراق عمل","مشاريع بحثية – مسابقات نافس"))
A59: 55 | B59: ='قاعدة الأسماء'!B59 | C59: ='الاختبار البعدي'!O60 | D59: =IF(C59="ضعيف","خطة علاجية",IF(C59="متوسط","خطة تطويرية","خطة إثرائية")) | E59: =IF(C59="ضعيف","تركيز على: " & 'الواجهة الرئيسية'!B8 & " و " & 'الواجهة الرئيسية'!F8,IF(C59="متوسط","تطوير: " & 'الواجهة الرئيسية'!D8 & " و " & 'الواجهة الرئيسية'!H8,"إثراء: " & 'الواجهة الرئيسية'!H20 & " و " & 'الواجهة الرئيسية'!J20)) | F59: =IF(C59="ضعيف","تدريبات مكثفة – نماذج سابقة",IF(C59="متوسط","أنشطة تفاعلية – أوراق عمل","مشاريع بحثية – مسابقات نافس"))
A60: 56 | B60: ='قاعدة الأسماء'!B60 | C60: ='الاختبار البعدي'!O61 | D60: =IF(C60="ضعيف","خطة علاجية",IF(C60="متوسط","خطة تطويرية","خطة إثرائية")) | E60: =IF(C60="ضعيف","تركيز على: " & 'الواجهة الرئيسية'!B8 & " و " & 'الواجهة الرئيسية'!F8,IF(C60="متوسط","تطوير: " & 'الواجهة الرئيسية'!D8 & " و " & 'الواجهة الرئيسية'!H8,"إثراء: " & 'الواجهة الرئيسية'!H20 & " و " & 'الواجهة الرئيسية'!J20)) | F60: =IF(C60="ضعيف","تدريبات مكثفة – نماذج سابقة",IF(C60="متوسط","أنشطة تفاعلية – أوراق عمل","مشاريع بحثية – مسابقات نافس"))
A61: 57 | B61: ='قاعدة الأسماء'!B61 | C61: ='الاختبار البعدي'!O62 | D61: =IF(C61="ضعيف","خطة علاجية",IF(C61="متوسط","خطة تطويرية","خطة إثرائية")) | E61: =IF(C61="ضعيف","تركيز على: " & 'الواجهة الرئيسية'!B8 & " و " & 'الواجهة الرئيسية'!F8,IF(C61="متوسط","تطوير: " & 'الواجهة الرئيسية'!D8 & " و " & 'الواجهة الرئيسية'!H8,"إثراء: " & 'الواجهة الرئيسية'!H20 & " و " & 'الواجهة الرئيسية'!J20)) | F61: =IF(C61="ضعيف","تدريبات مكثفة – نماذج سابقة",IF(C61="متوسط","أنشطة تفاعلية – أوراق عمل","مشاريع بحثية – مسابقات نافس"))
A62: 58 | B62: ='قاعدة الأسماء'!B62 | C62: ='الاختبار البعدي'!O63 | D62: =IF(C62="ضعيف","خطة علاجية",IF(C62="متوسط","خطة تطويرية","خطة إثرائية")) | E62: =IF(C62="ضعيف","تركيز على: " & 'الواجهة الرئيسية'!B8 & " و " & 'الواجهة الرئيسية'!F8,IF(C62="متوسط","تطوير: " & 'الواجهة الرئيسية'!D8 & " و " & 'الواجهة الرئيسية'!H8,"إثراء: " & 'الواجهة الرئيسية'!H20 & " و " & 'الواجهة الرئيسية'!J20)) | F62: =IF(C62="ضعيف","تدريبات مكثفة – نماذج سابقة",IF(C62="متوسط","أنشطة تفاعلية – أوراق عمل","مشاريع بحثية – مسابقات نافس"))
A63: 59 | B63: ='قاعدة الأسماء'!B63 | C63: ='الاختبار البعدي'!O64 | D63: =IF(C63="ضعيف","خطة علاجية",IF(C63="متوسط","خطة تطويرية","خطة إثرائية")) | E63: =IF(C63="ضعيف","تركيز على: " & 'الواجهة الرئيسية'!B8 & " و " & 'الواجهة الرئيسية'!F8,IF(C63="متوسط","تطوير: " & 'الواجهة الرئيسية'!D8 & " و " & 'الواجهة الرئيسية'!H8,"إثراء: " & 'الواجهة الرئيسية'!H20 & " و " & 'الواجهة الرئيسية'!J20)) | F63: =IF(C63="ضعيف","تدريبات مكثفة – نماذج سابقة",IF(C63="متوسط","أنشطة تفاعلية – أوراق عمل","مشاريع بحثية – مسابقات نافس"))
A64: 60 | B64: ='قاعدة الأسماء'!B64 | C64: ='الاختبار البعدي'!O65 | D64: =IF(C64="ضعيف","خطة علاجية",IF(C64="متوسط","خطة تطويرية","خطة إثرائية")) | E64: =IF(C64="ضعيف","تركيز على: " & 'الواجهة الرئيسية'!B8 & " و " & 'الواجهة الرئيسية'!F8,IF(C64="متوسط","تطوير: " & 'الواجهة الرئيسية'!D8 & " و " & 'الواجهة الرئيسية'!H8,"إثراء: " & 'الواجهة الرئيسية'!H20 & " و " & 'الواجهة الرئيسية'!J20)) | F64: =IF(C64="ضعيف","تدريبات مكثفة – نماذج سابقة",IF(C64="متوسط","أنشطة تفاعلية – أوراق عمل","مشاريع بحثية – مسابقات نافس"))
A65: 61 | B65: ='قاعدة الأسماء'!B65 | C65: ='الاختبار البعدي'!O66 | D65: =IF(C65="ضعيف","خطة علاجية",IF(C65="متوسط","خطة تطويرية","خطة إثرائية")) | E65: =IF(C65="ضعيف","تركيز على: " & 'الواجهة الرئيسية'!B8 & " و " & 'الواجهة الرئيسية'!F8,IF(C65="متوسط","تطوير: " & 'الواجهة الرئيسية'!D8 & " و " & 'الواجهة الرئيسية'!H8,"إثراء: " & 'الواجهة الرئيسية'!H20 & " و " & 'الواجهة الرئيسية'!J20)) | F65: =IF(C65="ضعيف","تدريبات مكثفة – نماذج سابقة",IF(C65="متوسط","أنشطة تفاعلية – أوراق عمل","مشاريع بحثية – مسابقات نافس"))
A66: 62 | B66: ='قاعدة الأسماء'!B66 | C66: ='الاختبار البعدي'!O67 | D66: =IF(C66="ضعيف","خطة علاجية",IF(C66="متوسط","خطة تطويرية","خطة إثرائية")) | E66: =IF(C66="ضعيف","تركيز على: " & 'الواجهة الرئيسية'!B8 & " و " & 'الواجهة الرئيسية'!F8,IF(C66="متوسط","تطوير: " & 'الواجهة الرئيسية'!D8 & " و " & 'الواجهة الرئيسية'!H8,"إثراء: " & 'الواجهة الرئيسية'!H20 & " و " & 'الواجهة الرئيسية'!J20)) | F66: =IF(C66="ضعيف","تدريبات مكثفة – نماذج سابقة",IF(C66="متوسط","أنشطة تفاعلية – أوراق عمل","مشاريع بحثية – مسابقات نافس"))
A67: 63 | B67: ='قاعدة الأسماء'!B67 | C67: ='الاختبار البعدي'!O68 | D67: =IF(C67="ضعيف","خطة علاجية",IF(C67="متوسط","خطة تطويرية","خطة إثرائية")) | E67: =IF(C67="ضعيف","تركيز على: " & 'الواجهة الرئيسية'!B8 & " و " & 'الواجهة الرئيسية'!F8,IF(C67="متوسط","تطوير: " & 'الواجهة الرئيسية'!D8 & " و " & 'الواجهة الرئيسية'!H8,"إثراء: " & 'الواجهة الرئيسية'!H20 & " و " & 'الواجهة الرئيسية'!J20)) | F67: =IF(C67="ضعيف","تدريبات مكثفة – نماذج سابقة",IF(C67="متوسط","أنشطة تفاعلية – أوراق عمل","مشاريع بحثية – مسابقات نافس"))
A68: 64 | B68: ='قاعدة الأسماء'!B68 | C68: ='الاختبار البعدي'!O69 | D68: =IF(C68="ضعيف","خطة علاجية",IF(C68="متوسط","خطة تطويرية","خطة إثرائية")) | E68: =IF(C68="ضعيف","تركيز على: " & 'الواجهة الرئيسية'!B8 & " و " & 'الواجهة الرئيسية'!F8,IF(C68="متوسط","تطوير: " & 'الواجهة الرئيسية'!D8 & " و " & 'الواجهة الرئيسية'!H8,"إثراء: " & 'الواجهة الرئيسية'!H20 & " و " & 'الواجهة الرئيسية'!J20)) | F68: =IF(C68="ضعيف","تدريبات مكثفة – نماذج سابقة",IF(C68="متوسط","أنشطة تفاعلية – أوراق عمل","مشاريع بحثية – مسابقات نافس"))
A69: 65 | B69: ='قاعدة الأسماء'!B69 | C69: ='الاختبار البعدي'!O70 | D69: =IF(C69="ضعيف","خطة علاجية",IF(C69="متوسط","خطة تطويرية","خطة إثرائية")) | E69: =IF(C69="ضعيف","تركيز على: " & 'الواجهة الرئيسية'!B8 & " و " & 'الواجهة الرئيسية'!F8,IF(C69="متوسط","تطوير: " & 'الواجهة الرئيسية'!D8 & " و " & 'الواجهة الرئيسية'!H8,"إثراء: " & 'الواجهة الرئيسية'!H20 & " و " & 'الواجهة الرئيسية'!J20)) | F69: =IF(C69="ضعيف","تدريبات مكثفة – نماذج سابقة",IF(C69="متوسط","أنشطة تفاعلية – أوراق عمل","مشاريع بحثية – مسابقات نافس"))
A70: 66 | B70: ='قاعدة الأسماء'!B70 | C70: ='الاختبار البعدي'!O71 | D70: =IF(C70="ضعيف","خطة علاجية",IF(C70="متوسط","خطة تطويرية","خطة إثرائية")) | E70: =IF(C70="ضعيف","تركيز على: " & 'الواجهة الرئيسية'!B8 & " و " & 'الواجهة الرئيسية'!F8,IF(C70="متوسط","تطوير: " & 'الواجهة الرئيسية'!D8 & " و " & 'الواجهة الرئيسية'!H8,"إثراء: " & 'الواجهة الرئيسية'!H20 & " و " & 'الواجهة الرئيسية'!J20)) | F70: =IF(C70="ضعيف","تدريبات مكثفة – نماذج سابقة",IF(C70="متوسط","أنشطة تفاعلية – أوراق عمل","مشاريع بحثية – مسابقات نافس"))
A71: 67 | B71: ='قاعدة الأسماء'!B71 | C71: ='الاختبار البعدي'!O72 | D71: =IF(C71="ضعيف","خطة علاجية",IF(C71="متوسط","خطة تطويرية","خطة إثرائية")) | E71: =IF(C71="ضعيف","تركيز على: " & 'الواجهة الرئيسية'!B8 & " و " & 'الواجهة الرئيسية'!F8,IF(C71="متوسط","تطوير: " & 'الواجهة الرئيسية'!D8 & " و " & 'الواجهة الرئيسية'!H8,"إثراء: " & 'الواجهة الرئيسية'!H20 & " و " & 'الواجهة الرئيسية'!J20)) | F71: =IF(C71="ضعيف","تدريبات مكثفة – نماذج سابقة",IF(C71="متوسط","أنشطة تفاعلية – أوراق عمل","مشاريع بحثية – مسابقات نافس"))
A72: 68 | B72: ='قاعدة الأسماء'!B72 | C72: ='الاختبار البعدي'!O73 | D72: =IF(C72="ضعيف","خطة علاجية",IF(C72="متوسط","خطة تطويرية","خطة إثرائية")) | E72: =IF(C72="ضعيف","تركيز على: " & 'الواجهة الرئيسية'!B8 & " و " & 'الواجهة الرئيسية'!F8,IF(C72="متوسط","تطوير: " & 'الواجهة الرئيسية'!D8 & " و " & 'الواجهة الرئيسية'!H8,"إثراء: " & 'الواجهة الرئيسية'!H20 & " و " & 'الواجهة الرئيسية'!J20)) | F72: =IF(C72="ضعيف","تدريبات مكثفة – نماذج سابقة",IF(C72="متوسط","أنشطة تفاعلية – أوراق عمل","مشاريع بحثية – مسابقات نافس"))
A73: 69 | B73: ='قاعدة الأسماء'!B73 | C73: ='الاختبار البعدي'!O74 | D73: =IF(C73="ضعيف","خطة علاجية",IF(C73="متوسط","خطة تطويرية","خطة إثرائية")) | E73: =IF(C73="ضعيف","تركيز على: " & 'الواجهة الرئيسية'!B8 & " و " & 'الواجهة الرئيسية'!F8,IF(C73="متوسط","تطوير: " & 'الواجهة الرئيسية'!D8 & " و " & 'الواجهة الرئيسية'!H8,"إثراء: " & 'الواجهة الرئيسية'!H20 & " و " & 'الواجهة الرئيسية'!J20)) | F73: =IF(C73="ضعيف","تدريبات مكثفة – نماذج سابقة",IF(C73="متوسط","أنشطة تفاعلية – أوراق عمل","مشاريع بحثية – مسابقات نافس"))
A74: 70 | B74: ='قاعدة الأسماء'!B74 | C74: ='الاختبار البعدي'!O75 | D74: =IF(C74="ضعيف","خطة علاجية",IF(C74="متوسط","خطة تطويرية","خطة إثرائية")) | E74: =IF(C74="ضعيف","تركيز على: " & 'الواجهة الرئيسية'!B8 & " و " & 'الواجهة الرئيسية'!F8,IF(C74="متوسط","تطوير: " & 'الواجهة الرئيسية'!D8 & " و " & 'الواجهة الرئيسية'!H8,"إثراء: " & 'الواجهة الرئيسية'!H20 & " و " & 'الواجهة الرئيسية'!J20)) | F74: =IF(C74="ضعيف","تدريبات مكثفة – نماذج سابقة",IF(C74="متوسط","أنشطة تفاعلية – أوراق عمل","مشاريع بحثية – مسابقات نافس"))
A75: 71 | B75: ='قاعدة الأسماء'!B75 | C75: ='الاختبار البعدي'!O76 | D75: =IF(C75="ضعيف","خطة علاجية",IF(C75="متوسط","خطة تطويرية","خطة إثرائية")) | E75: =IF(C75="ضعيف","تركيز على: " & 'الواجهة الرئيسية'!B8 & " و " & 'الواجهة الرئيسية'!F8,IF(C75="متوسط","تطوير: " & 'الواجهة الرئيسية'!D8 & " و " & 'الواجهة الرئيسية'!H8,"إثراء: " & 'الواجهة الرئيسية'!H20 & " و " & 'الواجهة الرئيسية'!J20)) | F75: =IF(C75="ضعيف","تدريبات مكثفة – نماذج سابقة",IF(C75="متوسط","أنشطة تفاعلية – أوراق عمل","مشاريع بحثية – مسابقات نافس"))
A76: 72 | B76: ='قاعدة الأسماء'!B76 | C76: ='الاختبار البعدي'!O77 | D76: =IF(C76="ضعيف","خطة علاجية",IF(C76="متوسط","خطة تطويرية","خطة إثرائية")) | E76: =IF(C76="ضعيف","تركيز على: " & 'الواجهة الرئيسية'!B8 & " و " & 'الواجهة الرئيسية'!F8,IF(C76="متوسط","تطوير: " & 'الواجهة الرئيسية'!D8 & " و " & 'الواجهة الرئيسية'!H8,"إثراء: " & 'الواجهة الرئيسية'!H20 & " و " & 'الواجهة الرئيسية'!J20)) | F76: =IF(C76="ضعيف","تدريبات مكثفة – نماذج سابقة",IF(C76="متوسط","أنشطة تفاعلية – أوراق عمل","مشاريع بحثية – مسابقات نافس"))
A77: 73 | B77: ='قاعدة الأسماء'!B77 | C77: ='الاختبار البعدي'!O78 | D77: =IF(C77="ضعيف","خطة علاجية",IF(C77="متوسط","خطة تطويرية","خطة إثرائية")) | E77: =IF(C77="ضعيف","تركيز على: " & 'الواجهة الرئيسية'!B8 & " و " & 'الواجهة الرئيسية'!F8,IF(C77="متوسط","تطوير: " & 'الواجهة الرئيسية'!D8 & " و " & 'الواجهة الرئيسية'!H8,"إثراء: " & 'الواجهة الرئيسية'!H20 & " و " & 'الواجهة الرئيسية'!J20)) | F77: =IF(C77="ضعيف","تدريبات مكثفة – نماذج سابقة",IF(C77="متوسط","أنشطة تفاعلية – أوراق عمل","مشاريع بحثية – مسابقات نافس"))
A78: 74 | B78: ='قاعدة الأسماء'!B78 | C78: ='الاختبار البعدي'!O79 | D78: =IF(C78="ضعيف","خطة علاجية",IF(C78="متوسط","خطة تطويرية","خطة إثرائية")) | E78: =IF(C78="ضعيف","تركيز على: " & 'الواجهة الرئيسية'!B8 & " و " & 'الواجهة الرئيسية'!F8,IF(C78="متوسط","تطوير: " & 'الواجهة الرئيسية'!D8 & " و " & 'الواجهة الرئيسية'!H8,"إثراء: " & 'الواجهة الرئيسية'!H20 & " و " & 'الواجهة الرئيسية'!J20)) | F78: =IF(C78="ضعيف","تدريبات مكثفة – نماذج سابقة",IF(C78="متوسط","أنشطة تفاعلية – أوراق عمل","مشاريع بحثية – مسابقات نافس"))
A79: 75 | B79: ='قاعدة الأسماء'!B79 | C79: ='الاختبار البعدي'!O80 | D79: =IF(C79="ضعيف","خطة علاجية",IF(C79="متوسط","خطة تطويرية","خطة إثرائية")) | E79: =IF(C79="ضعيف","تركيز على: " & 'الواجهة الرئيسية'!B8 & " و " & 'الواجهة الرئيسية'!F8,IF(C79="متوسط","تطوير: " & 'الواجهة الرئيسية'!D8 & " و " & 'الواجهة الرئيسية'!H8,"إثراء: " & 'الواجهة الرئيسية'!H20 & " و " & 'الواجهة الرئيسية'!J20)) | F79: =IF(C79="ضعيف","تدريبات مكثفة – نماذج سابقة",IF(C79="متوسط","أنشطة تفاعلية – أوراق عمل","مشاريع بحثية – مسابقات نافس"))
A80: 76 | B80: ='قاعدة الأسماء'!B80 | C80: ='الاختبار البعدي'!O81 | D80: =IF(C80="ضعيف","خطة علاجية",IF(C80="متوسط","خطة تطويرية","خطة إثرائية")) | E80: =IF(C80="ضعيف","تركيز على: " & 'الواجهة الرئيسية'!B8 & " و " & 'الواجهة الرئيسية'!F8,IF(C80="متوسط","تطوير: " & 'الواجهة الرئيسية'!D8 & " و " & 'الواجهة الرئيسية'!H8,"إثراء: " & 'الواجهة الرئيسية'!H20 & " و " & 'الواجهة الرئيسية'!J20)) | F80: =IF(C80="ضعيف","تدريبات مكثفة – نماذج سابقة",IF(C80="متوسط","أنشطة تفاعلية – أوراق عمل","مشاريع بحثية – مسابقات نافس"))
A81: 77 | B81: ='قاعدة الأسماء'!B81 | C81: ='الاختبار البعدي'!O82 | D81: =IF(C81="ضعيف","خطة علاجية",IF(C81="متوسط","خطة تطويرية","خطة إثرائية")) | E81: =IF(C81="ضعيف","تركيز على: " & 'الواجهة الرئيسية'!B8 & " و " & 'الواجهة الرئيسية'!F8,IF(C81="متوسط","تطوير: " & 'الواجهة الرئيسية'!D8 & " و " & 'الواجهة الرئيسية'!H8,"إثراء: " & 'الواجهة الرئيسية'!H20 & " و " & 'الواجهة الرئيسية'!J20)) | F81: =IF(C81="ضعيف","تدريبات مكثفة – نماذج سابقة",IF(C81="متوسط","أنشطة تفاعلية – أوراق عمل","مشاريع بحثية – مسابقات نافس"))
A82: 78 | B82: ='قاعدة الأسماء'!B82 | C82: ='الاختبار البعدي'!O83 | D82: =IF(C82="ضعيف","خطة علاجية",IF(C82="متوسط","خطة تطويرية","خطة إثرائية")) | E82: =IF(C82="ضعيف","تركيز على: " & 'الواجهة الرئيسية'!B8 & " و " & 'الواجهة الرئيسية'!F8,IF(C82="متوسط","تطوير: " & 'الواجهة الرئيسية'!D8 & " و " & 'الواجهة الرئيسية'!H8,"إثراء: " & 'الواجهة الرئيسية'!H20 & " و " & 'الواجهة الرئيسية'!J20)) | F82: =IF(C82="ضعيف","تدريبات مكثفة – نماذج سابقة",IF(C82="متوسط","أنشطة تفاعلية – أوراق عمل","مشاريع بحثية – مسابقات نافس"))
A83: 79 | B83: ='قاعدة الأسماء'!B83 | C83: ='الاختبار البعدي'!O84 | D83: =IF(C83="ضعيف","خطة علاجية",IF(C83="متوسط","خطة تطويرية","خطة إثرائية")) | E83: =IF(C83="ضعيف","تركيز على: " & 'الواجهة الرئيسية'!B8 & " و " & 'الواجهة الرئيسية'!F8,IF(C83="متوسط","تطوير: " & 'الواجهة الرئيسية'!D8 & " و " & 'الواجهة الرئيسية'!H8,"إثراء: " & 'الواجهة الرئيسية'!H20 & " و " & 'الواجهة الرئيسية'!J20)) | F83: =IF(C83="ضعيف","تدريبات مكثفة – نماذج سابقة",IF(C83="متوسط","أنشطة تفاعلية – أوراق عمل","مشاريع بحثية – مسابقات نافس"))
A84: 80 | B84: ='قاعدة الأسماء'!B84 | C84: ='الاختبار البعدي'!O85 | D84: =IF(C84="ضعيف","خطة علاجية",IF(C84="متوسط","خطة تطويرية","خطة إثرائية")) | E84: =IF(C84="ضعيف","تركيز على: " & 'الواجهة الرئيسية'!B8 & " و " & 'الواجهة الرئيسية'!F8,IF(C84="متوسط","تطوير: " & 'الواجهة الرئيسية'!D8 & " و " & 'الواجهة الرئيسية'!H8,"إثراء: " & 'الواجهة الرئيسية'!H20 & " و " & 'الواجهة الرئيسية'!J20)) | F84: =IF(C84="ضعيف","تدريبات مكثفة – نماذج سابقة",IF(C84="متوسط","أنشطة تفاعلية – أوراق عمل","مشاريع بحثية – مسابقات نافس"))
A85: 81 | B85: ='قاعدة الأسماء'!B85 | C85: ='الاختبار البعدي'!O86 | D85: =IF(C85="ضعيف","خطة علاجية",IF(C85="متوسط","خطة تطويرية","خطة إثرائية")) | E85: =IF(C85="ضعيف","تركيز على: " & 'الواجهة الرئيسية'!B8 & " و " & 'الواجهة الرئيسية'!F8,IF(C85="متوسط","تطوير: " & 'الواجهة الرئيسية'!D8 & " و " & 'الواجهة الرئيسية'!H8,"إثراء: " & 'الواجهة الرئيسية'!H20 & " و " & 'الواجهة الرئيسية'!J20)) | F85: =IF(C85="ضعيف","تدريبات مكثفة – نماذج سابقة",IF(C85="متوسط","أنشطة تفاعلية – أوراق عمل","مشاريع بحثية – مسابقات نافس"))
A86: 82 | B86: ='قاعدة الأسماء'!B86 | C86: ='الاختبار البعدي'!O87 | D86: =IF(C86="ضعيف","خطة علاجية",IF(C86="متوسط","خطة تطويرية","خطة إثرائية")) | E86: =IF(C86="ضعيف","تركيز على: " & 'الواجهة الرئيسية'!B8 & " و " & 'الواجهة الرئيسية'!F8,IF(C86="متوسط","تطوير: " & 'الواجهة الرئيسية'!D8 & " و " & 'الواجهة الرئيسية'!H8,"إثراء: " & 'الواجهة الرئيسية'!H20 & " و " & 'الواجهة الرئيسية'!J20)) | F86: =IF(C86="ضعيف","تدريبات مكثفة – نماذج سابقة",IF(C86="متوسط","أنشطة تفاعلية – أوراق عمل","مشاريع بحثية – مسابقات نافس"))
A87: 83 | B87: ='قاعدة الأسماء'!B87 | C87: ='الاختبار البعدي'!O88 | D87: =IF(C87="ضعيف","خطة علاجية",IF(C87="متوسط","خطة تطويرية","خطة إثرائية")) | E87: =IF(C87="ضعيف","تركيز على: " & 'الواجهة الرئيسية'!B8 & " و " & 'الواجهة الرئيسية'!F8,IF(C87="متوسط","تطوير: " & 'الواجهة الرئيسية'!D8 & " و " & 'الواجهة الرئيسية'!H8,"إثراء: " & 'الواجهة الرئيسية'!H20 & " و " & 'الواجهة الرئيسية'!J20)) | F87: =IF(C87="ضعيف","تدريبات مكثفة – نماذج سابقة",IF(C87="متوسط","أنشطة تفاعلية – أوراق عمل","مشاريع بحثية – مسابقات نافس"))
A88: 84 | B88: ='قاعدة الأسماء'!B88 | C88: ='الاختبار البعدي'!O89 | D88: =IF(C88="ضعيف","خطة علاجية",IF(C88="متوسط","خطة تطويرية","خطة إثرائية")) | E88: =IF(C88="ضعيف","تركيز على: " & 'الواجهة الرئيسية'!B8 & " و " & 'الواجهة الرئيسية'!F8,IF(C88="متوسط","تطوير: " & 'الواجهة الرئيسية'!D8 & " و " & 'الواجهة الرئيسية'!H8,"إثراء: " & 'الواجهة الرئيسية'!H20 & " و " & 'الواجهة الرئيسية'!J20)) | F88: =IF(C88="ضعيف","تدريبات مكثفة – نماذج سابقة",IF(C88="متوسط","أنشطة تفاعلية – أوراق عمل","مشاريع بحثية – مسابقات نافس"))
A89: 85 | B89: ='قاعدة الأسماء'!B89 | C89: ='الاختبار البعدي'!O90 | D89: =IF(C89="ضعيف","خطة علاجية",IF(C89="متوسط","خطة تطويرية","خطة إثرائية")) | E89: =IF(C89="ضعيف","تركيز على: " & 'الواجهة الرئيسية'!B8 & " و " & 'الواجهة الرئيسية'!F8,IF(C89="متوسط","تطوير: " & 'الواجهة الرئيسية'!D8 & " و " & 'الواجهة الرئيسية'!H8,"إثراء: " & 'الواجهة الرئيسية'!H20 & " و " & 'الواجهة الرئيسية'!J20)) | F89: =IF(C89="ضعيف","تدريبات مكثفة – نماذج سابقة",IF(C89="متوسط","أنشطة تفاعلية – أوراق عمل","مشاريع بحثية – مسابقات نافس"))
A90: 86 | B90: ='قاعدة الأسماء'!B90 | C90: ='الاختبار البعدي'!O91 | D90: =IF(C90="ضعيف","خطة علاجية",IF(C90="متوسط","خطة تطويرية","خطة إثرائية")) | E90: =IF(C90="ضعيف","تركيز على: " & 'الواجهة الرئيسية'!B8 & " و " & 'الواجهة الرئيسية'!F8,IF(C90="متوسط","تطوير: " & 'الواجهة الرئيسية'!D8 & " و " & 'الواجهة الرئيسية'!H8,"إثراء: " & 'الواجهة الرئيسية'!H20 & " و " & 'الواجهة الرئيسية'!J20)) | F90: =IF(C90="ضعيف","تدريبات مكثفة – نماذج سابقة",IF(C90="متوسط","أنشطة تفاعلية – أوراق عمل","مشاريع بحثية – مسابقات نافس"))
A91: 87 | B91: ='قاعدة الأسماء'!B91 | C91: ='الاختبار البعدي'!O92 | D91: =IF(C91="ضعيف","خطة علاجية",IF(C91="متوسط","خطة تطويرية","خطة إثرائية")) | E91: =IF(C91="ضعيف","تركيز على: " & 'الواجهة الرئيسية'!B8 & " و " & 'الواجهة الرئيسية'!F8,IF(C91="متوسط","تطوير: " & 'الواجهة الرئيسية'!D8 & " و " & 'الواجهة الرئيسية'!H8,"إثراء: " & 'الواجهة الرئيسية'!H20 & " و " & 'الواجهة الرئيسية'!J20)) | F91: =IF(C91="ضعيف","تدريبات مكثفة – نماذج سابقة",IF(C91="متوسط","أنشطة تفاعلية – أوراق عمل","مشاريع بحثية – مسابقات نافس"))
A92: 88 | B92: ='قاعدة الأسماء'!B92 | C92: ='الاختبار البعدي'!O93 | D92: =IF(C92="ضعيف","خطة علاجية",IF(C92="متوسط","خطة تطويرية","خطة إثرائية")) | E92: =IF(C92="ضعيف","تركيز على: " & 'الواجهة الرئيسية'!B8 & " و " & 'الواجهة الرئيسية'!F8,IF(C92="متوسط","تطوير: " & 'الواجهة الرئيسية'!D8 & " و " & 'الواجهة الرئيسية'!H8,"إثراء: " & 'الواجهة الرئيسية'!H20 & " و " & 'الواجهة الرئيسية'!J20)) | F92: =IF(C92="ضعيف","تدريبات مكثفة – نماذج سابقة",IF(C92="متوسط","أنشطة تفاعلية – أوراق عمل","مشاريع بحثية – مسابقات نافس"))
A93: 89 | B93: ='قاعدة الأسماء'!B93 | C93: ='الاختبار البعدي'!O94 | D93: =IF(C93="ضعيف","خطة علاجية",IF(C93="متوسط","خطة تطويرية","خطة إثرائية")) | E93: =IF(C93="ضعيف","تركيز على: " & 'الواجهة الرئيسية'!B8 & " و " & 'الواجهة الرئيسية'!F8,IF(C93="متوسط","تطوير: " & 'الواجهة الرئيسية'!D8 & " و " & 'الواجهة الرئيسية'!H8,"إثراء: " & 'الواجهة الرئيسية'!H20 & " و " & 'الواجهة الرئيسية'!J20)) | F93: =IF(C93="ضعيف","تدريبات مكثفة – نماذج سابقة",IF(C93="متوسط","أنشطة تفاعلية – أوراق عمل","مشاريع بحثية – مسابقات نافس"))
A94: 90 | B94: ='قاعدة الأسماء'!B94 | C94: ='الاختبار البعدي'!O95 | D94: =IF(C94="ضعيف","خطة علاجية",IF(C94="متوسط","خطة تطويرية","خطة إثرائية")) | E94: =IF(C94="ضعيف","تركيز على: " & 'الواجهة الرئيسية'!B8 & " و " & 'الواجهة الرئيسية'!F8,IF(C94="متوسط","تطوير: " & 'الواجهة الرئيسية'!D8 & " و " & 'الواجهة الرئيسية'!H8,"إثراء: " & 'الواجهة الرئيسية'!H20 & " و " & 'الواجهة الرئيسية'!J20)) | F94: =IF(C94="ضعيف","تدريبات مكثفة – نماذج سابقة",IF(C94="متوسط","أنشطة تفاعلية – أوراق عمل","مشاريع بحثية – مسابقات نافس"))
A95: 91 | B95: ='قاعدة الأسماء'!B95 | C95: ='الاختبار البعدي'!O96 | D95: =IF(C95="ضعيف","خطة علاجية",IF(C95="متوسط","خطة تطويرية","خطة إثرائية")) | E95: =IF(C95="ضعيف","تركيز على: " & 'الواجهة الرئيسية'!B8 & " و " & 'الواجهة الرئيسية'!F8,IF(C95="متوسط","تطوير: " & 'الواجهة الرئيسية'!D8 & " و " & 'الواجهة الرئيسية'!H8,"إثراء: " & 'الواجهة الرئيسية'!H20 & " و " & 'الواجهة الرئيسية'!J20)) | F95: =IF(C95="ضعيف","تدريبات مكثفة – نماذج سابقة",IF(C95="متوسط","أنشطة تفاعلية – أوراق عمل","مشاريع بحثية – مسابقات نافس"))
A96: 92 | B96: ='قاعدة الأسماء'!B96 | C96: ='الاختبار البعدي'!O97 | D96: =IF(C96="ضعيف","خطة علاجية",IF(C96="متوسط","خطة تطويرية","خطة إثرائية")) | E96: =IF(C96="ضعيف","تركيز على: " & 'الواجهة الرئيسية'!B8 & " و " & 'الواجهة الرئيسية'!F8,IF(C96="متوسط","تطوير: " & 'الواجهة الرئيسية'!D8 & " و " & 'الواجهة الرئيسية'!H8,"إثراء: " & 'الواجهة الرئيسية'!H20 & " و " & 'الواجهة الرئيسية'!J20)) | F96: =IF(C96="ضعيف","تدريبات مكثفة – نماذج سابقة",IF(C96="متوسط","أنشطة تفاعلية – أوراق عمل","مشاريع بحثية – مسابقات نافس"))
A97: 93 | B97: ='قاعدة الأسماء'!B97 | C97: ='الاختبار البعدي'!O98 | D97: =IF(C97="ضعيف","خطة علاجية",IF(C97="متوسط","خطة تطويرية","خطة إثرائية")) | E97: =IF(C97="ضعيف","تركيز على: " & 'الواجهة الرئيسية'!B8 & " و " & 'الواجهة الرئيسية'!F8,IF(C97="متوسط","تطوير: " & 'الواجهة الرئيسية'!D8 & " و " & 'الواجهة الرئيسية'!H8,"إثراء: " & 'الواجهة الرئيسية'!H20 & " و " & 'الواجهة الرئيسية'!J20)) | F97: =IF(C97="ضعيف","تدريبات مكثفة – نماذج سابقة",IF(C97="متوسط","أنشطة تفاعلية – أوراق عمل","مشاريع بحثية – مسابقات نافس"))
A98: 94 | B98: ='قاعدة الأسماء'!B98 | C98: ='الاختبار البعدي'!O99 | D98: =IF(C98="ضعيف","خطة علاجية",IF(C98="متوسط","خطة تطويرية","خطة إثرائية")) | E98: =IF(C98="ضعيف","تركيز على: " & 'الواجهة الرئيسية'!B8 & " و " & 'الواجهة الرئيسية'!F8,IF(C98="متوسط","تطوير: " & 'الواجهة الرئيسية'!D8 & " و " & 'الواجهة الرئيسية'!H8,"إثراء: " & 'الواجهة الرئيسية'!H20 & " و " & 'الواجهة الرئيسية'!J20)) | F98: =IF(C98="ضعيف","تدريبات مكثفة – نماذج سابقة",IF(C98="متوسط","أنشطة تفاعلية – أوراق عمل","مشاريع بحثية – مسابقات نافس"))
A99: 95 | B99: ='قاعدة الأسماء'!B99 | C99: ='الاختبار البعدي'!O100 | D99: =IF(C99="ضعيف","خطة علاجية",IF(C99="متوسط","خطة تطويرية","خطة إثرائية")) | E99: =IF(C99="ضعيف","تركيز على: " & 'الواجهة الرئيسية'!B8 & " و " & 'الواجهة الرئيسية'!F8,IF(C99="متوسط","تطوير: " & 'الواجهة الرئيسية'!D8 & " و " & 'الواجهة الرئيسية'!H8,"إثراء: " & 'الواجهة الرئيسية'!H20 & " و " & 'الواجهة الرئيسية'!J20)) | F99: =IF(C99="ضعيف","تدريبات مكثفة – نماذج سابقة",IF(C99="متوسط","أنشطة تفاعلية – أوراق عمل","مشاريع بحثية – مسابقات نافس"))
A100: 96 | B100: ='قاعدة الأسماء'!B100 | C100: ='الاختبار البعدي'!O101 | D100: =IF(C100="ضعيف","خطة علاجية",IF(C100="متوسط","خطة تطويرية","خطة إثرائية")) | E100: =IF(C100="ضعيف","تركيز على: " & 'الواجهة الرئيسية'!B8 & " و " & 'الواجهة الرئيسية'!F8,IF(C100="متوسط","تطوير: " & 'الواجهة الرئيسية'!D8 & " و " & 'الواجهة الرئيسية'!H8,"إثراء: " & 'الواجهة الرئيسية'!H20 & " و " & 'الواجهة الرئيسية'!J20)) | F100: =IF(C100="ضعيف","تدريبات مكثفة – نماذج سابقة",IF(C100="متوسط","أنشطة تفاعلية – أوراق عمل","مشاريع بحثية – مسابقات نافس"))
A101: 97 | B101: ='قاعدة الأسماء'!B101 | C101: ='الاختبار البعدي'!O102 | D101: =IF(C101="ضعيف","خطة علاجية",IF(C101="متوسط","خطة تطويرية","خطة إثرائية")) | E101: =IF(C101="ضعيف","تركيز على: " & 'الواجهة الرئيسية'!B8 & " و " & 'الواجهة الرئيسية'!F8,IF(C101="متوسط","تطوير: " & 'الواجهة الرئيسية'!D8 & " و " & 'الواجهة الرئيسية'!H8,"إثراء: " & 'الواجهة الرئيسية'!H20 & " و " & 'الواجهة الرئيسية'!J20)) | F101: =IF(C101="ضعيف","تدريبات مكثفة – نماذج سابقة",IF(C101="متوسط","أنشطة تفاعلية – أوراق عمل","مشاريع بحثية – مسابقات نافس"))
...

Sheet مقارنة قبلي بعدي
A2: المقارنة الآلية بين الاختبار القبلي والبعدي
A3: يتم حساب الفرق ونسبة التحسن تلقائياً
A4: م | B4: اسم الطالبة | C4: درجة القبلي | D4: درجة البعدي | E4: الفرق (+/-) | F4: نسبة التحسن | G4: تقييم التحسن
A5: 1 | B5: ='قاعدة الأسماء'!B5 | C5: =IF('الاختبار القبلي'!M6="","—",'الاختبار القبلي'!M6) | D5: =IF('الاختبار البعدي'!M6="","—",'الاختبار البعدي'!M6) | E5: =IF(OR(C5="—",D5="—",C5="",D5=""),"",D5-C5) | F5: =IFERROR(IF(C5=0,IF(D5>0,1,0),(D5-C5)/C5),"") | G5: =IF(ISNUMBER(E5),IF(E5>10,"تحسن ممتاز",IF(E5>0,"تحسن إيجابي",IF(E5=0,"مستقر","تراجع"))),"—")
A6: 2 | B6: ='قاعدة الأسماء'!B6 | C6: =IF('الاختبار القبلي'!M7="","—",'الاختبار القبلي'!M7) | D6: =IF('الاختبار البعدي'!M7="","—",'الاختبار البعدي'!M7) | E6: =IF(OR(C6="—",D6="—",C6="",D6=""),"",D6-C6) | F6: =IFERROR(IF(C6=0,IF(D6>0,1,0),(D6-C6)/C6),"") | G6: =IF(ISNUMBER(E6),IF(E6>10,"تحسن ممتاز",IF(E6>0,"تحسن إيجابي",IF(E6=0,"مستقر","تراجع"))),"—")
A7: 3 | B7: ='قاعدة الأسماء'!B7 | C7: =IF('الاختبار القبلي'!M8="","—",'الاختبار القبلي'!M8) | D7: =IF('الاختبار البعدي'!M8="","—",'الاختبار البعدي'!M8) | E7: =IF(OR(C7="—",D7="—",C7="",D7=""),"",D7-C7) | F7: =IFERROR(IF(C7=0,IF(D7>0,1,0),(D7-C7)/C7),"") | G7: =IF(ISNUMBER(E7),IF(E7>10,"تحسن ممتاز",IF(E7>0,"تحسن إيجابي",IF(E7=0,"مستقر","تراجع"))),"—")
A8: 4 | B8: ='قاعدة الأسماء'!B8 | C8: =IF('الاختبار القبلي'!M9="","—",'الاختبار القبلي'!M9) | D8: =IF('الاختبار البعدي'!M9="","—",'الاختبار البعدي'!M9) | E8: =IF(OR(C8="—",D8="—",C8="",D8=""),"",D8-C8) | F8: =IFERROR(IF(C8=0,IF(D8>0,1,0),(D8-C8)/C8),"") | G8: =IF(ISNUMBER(E8),IF(E8>10,"تحسن ممتاز",IF(E8>0,"تحسن إيجابي",IF(E8=0,"مستقر","تراجع"))),"—")
A9: 5 | B9: ='قاعدة الأسماء'!B9 | C9: =IF('الاختبار القبلي'!M10="","—",'الاختبار القبلي'!M10) | D9: =IF('الاختبار البعدي'!M10="","—",'الاختبار البعدي'!M10) | E9: =IF(OR(C9="—",D9="—",C9="",D9=""),"",D9-C9) | F9: =IFERROR(IF(C9=0,IF(D9>0,1,0),(D9-C9)/C9),"") | G9: =IF(ISNUMBER(E9),IF(E9>10,"تحسن ممتاز",IF(E9>0,"تحسن إيجابي",IF(E9=0,"مستقر","تراجع"))),"—")
A10: 6 | B10: ='قاعدة الأسماء'!B10 | C10: =IF('الاختبار القبلي'!M11="","—",'الاختبار القبلي'!M11) | D10: =IF('الاختبار البعدي'!M11="","—",'الاختبار البعدي'!M11) | E10: =IF(OR(C10="—",D10="—",C10="",D10=""),"",D10-C10) | F10: =IFERROR(IF(C10=0,IF(D10>0,1,0),(D10-C10)/C10),"") | G10: =IF(ISNUMBER(E10),IF(E10>10,"تحسن ممتاز",IF(E10>0,"تحسن إيجابي",IF(E10=0,"مستقر","تراجع"))),"—")
A11: 7 | B11: ='قاعدة الأسماء'!B11 | C11: =IF('الاختبار القبلي'!M12="","—",'الاختبار القبلي'!M12) | D11: =IF('الاختبار البعدي'!M12="","—",'الاختبار البعدي'!M12) | E11: =IF(OR(C11="—",D11="—",C11="",D11=""),"",D11-C11) | F11: =IFERROR(IF(C11=0,IF(D11>0,1,0),(D11-C11)/C11),"") | G11: =IF(ISNUMBER(E11),IF(E11>10,"تحسن ممتاز",IF(E11>0,"تحسن إيجابي",IF(E11=0,"مستقر","تراجع"))),"—")
A12: 8 | B12: ='قاعدة الأسماء'!B12 | C12: =IF('الاختبار القبلي'!M13="","—",'الاختبار القبلي'!M13) | D12: =IF('الاختبار البعدي'!M13="","—",'الاختبار البعدي'!M13) | E12: =IF(OR(C12="—",D12="—",C12="",D12=""),"",D12-C12) | F12: =IFERROR(IF(C12=0,IF(D12>0,1,0),(D12-C12)/C12),"") | G12: =IF(ISNUMBER(E12),IF(E12>10,"تحسن ممتاز",IF(E12>0,"تحسن إيجابي",IF(E12=0,"مستقر","تراجع"))),"—")
A13: 9 | B13: ='قاعدة الأسماء'!B13 | C13: =IF('الاختبار القبلي'!M14="","—",'الاختبار القبلي'!M14) | D13: =IF('الاختبار البعدي'!M14="","—",'الاختبار البعدي'!M14) | E13: =IF(OR(C13="—",D13="—",C13="",D13=""),"",D13-C13) | F13: =IFERROR(IF(C13=0,IF(D13>0,1,0),(D13-C13)/C13),"") | G13: =IF(ISNUMBER(E13),IF(E13>10,"تحسن ممتاز",IF(E13>0,"تحسن إيجابي",IF(E13=0,"مستقر","تراجع"))),"—")
A14: 10 | B14: ='قاعدة الأسماء'!B14 | C14: =IF('الاختبار القبلي'!M15="","—",'الاختبار القبلي'!M15) | D14: =IF('الاختبار البعدي'!M15="","—",'الاختبار البعدي'!M15) | E14: =IF(OR(C14="—",D14="—",C14="",D14=""),"",D14-C14) | F14: =IFERROR(IF(C14=0,IF(D14>0,1,0),(D14-C14)/C14),"") | G14: =IF(ISNUMBER(E14),IF(E14>10,"تحسن ممتاز",IF(E14>0,"تحسن إيجابي",IF(E14=0,"مستقر","تراجع"))),"—")
A15: 11 | B15: ='قاعدة الأسماء'!B15 | C15: =IF('الاختبار القبلي'!M16="","—",'الاختبار القبلي'!M16) | D15: =IF('الاختبار البعدي'!M16="","—",'الاختبار البعدي'!M16) | E15: =IF(OR(C15="—",D15="—",C15="",D15=""),"",D15-C15) | F15: =IFERROR(IF(C15=0,IF(D15>0,1,0),(D15-C15)/C15),"") | G15: =IF(ISNUMBER(E15),IF(E15>10,"تحسن ممتاز",IF(E15>0,"تحسن إيجابي",IF(E15=0,"مستقر","تراجع"))),"—")
A16: 12 | B16: ='قاعدة الأسماء'!B16 | C16: =IF('الاختبار القبلي'!M17="","—",'الاختبار القبلي'!M17) | D16: =IF('الاختبار البعدي'!M17="","—",'الاختبار البعدي'!M17) | E16: =IF(OR(C16="—",D16="—",C16="",D16=""),"",D16-C16) | F16: =IFERROR(IF(C16=0,IF(D16>0,1,0),(D16-C16)/C16),"") | G16: =IF(ISNUMBER(E16),IF(E16>10,"تحسن ممتاز",IF(E16>0,"تحسن إيجابي",IF(E16=0,"مستقر","تراجع"))),"—")
... A103: 99 | B103: ='قاعدة الأسماء'!B103 | C103: =IF('الاختبار القبلي'!M104="","—",'الاختبار القبلي'!M104) | D103: =IF('الاختبار البعدي'!M104="","—",'الاختبار البعدي'!M104) | E103: =IF(OR(C103="—",D103="—",C103="",D103=""),"",D103-C103) | F103: =IFERROR(IF(C103=0,IF(D103>0,1,0),(D103-C103)/C103),"") | G103: =IF(ISNUMBER(E103),IF(E103>10,"تحسن ممتاز",IF(E103>0,"تحسن إيجابي",IF(E103=0,"مستقر","تراجع"))),"—")
A106: ملخص المقارنة
B107: متوسط درجة القبلي | F107: =IFERROR(AVERAGE(C5:C103),"")
B108: متوسط درجة البعدي | F108: =IFERROR(AVERAGE(D5:D103),"")
B109: متوسط الفرق | F109: =IFERROR(AVERAGE(E5:E103),"")
B110: عدد المتحسنات | F110: =IFERROR(COUNTIF(E5:E103,">0"),"")
B111: عدد المتراجعات | F111: =IFERROR(COUNTIF(E5:E103,"<0"),"")
B112: نسبة التحسن الكلية | F112: =IFERROR(COUNTIF(E5:E103,">0")/COUNTA(E5:E103),"")

Sheet الاختبار النهائي
A2: الاختبار النهائي – التقرير الختامي المؤتمت
A3: الاختبار الشامل لمهارات نافس العشر | تقرير ختامي تلقائي لكل طالبة
A4: م | B4: اسم الطالبة | C4: ="م1 " & CHAR(10) & 'الواجهة الرئيسية'!B8 | D4: ="م2 " & CHAR(10) & 'الواجهة الرئيسية'!D8 | E4: ="م3 " & CHAR(10) & 'الواجهة الرئيسية'!F8 | F4: ="م4 " & CHAR(10) & 'الواجهة الرئيسية'!H8 | G4: ="م5 " & CHAR(10) & 'الواجهة الرئيسية'!J8 | H4: ="م6 " & CHAR(10) & 'الواجهة الرئيسية'!B20 | I4: ="م7 " & CHAR(10) & 'الواجهة الرئيسية'!D20 | J4: ="م8 " & CHAR(10) & 'الواجهة الرئيسية'!F20 | K4: ="م9 " & CHAR(10) & 'الواجهة الرئيسية'!H20 | L4: ="م10 " & CHAR(10) & 'الواجهة الرئيسية'!J20 | M4: المجموع | N4: النسبة% | O4: المستوى | P4: التقرير
A5: 1 | B5: ='قاعدة الأسماء'!B5 | C5: 9 | D5: 10 | E5: 10 | F5: 9 | G5: 10 | H5: 9 | I5: 10 | J5: 9 | K5: 10 | L5: 10 | M5: =IF(COUNT(C5:L5)=0,"",SUM(C5:L5)) | N5: =M5/100 | O5: =IF(M5="","",IF(M5<50,"ضعيف",IF(M5<75,"متوسط","ممتاز"))) | P5: =IF(M5="","",B5&" – درجة: "&TEXT(M5,"0.0")&"/100 – "&O5)
A6: 2 | B6: ='قاعدة الأسماء'!B6 | C6: 10 | D6: 10 | E6: 9 | F6: 10 | G6: 10 | H6: 9 | I6: 10 | J6: 10 | K6: 10 | L6: 10 | M6: =IF(COUNT(C6:L6)=0,"",SUM(C6:L6)) | N6: =M6/100 | O6: =IF(M6="","",IF(M6<50,"ضعيف",IF(M6<75,"متوسط","ممتاز"))) | P6: =IF(M6="","",B6&" – درجة: "&TEXT(M6,"0.0")&"/100 – "&O6)
A7: 3 | B7: ='قاعدة الأسماء'!B7 | C7: 10 | D7: 10 | E7: 10 | F7: 9 | G7: 10 | H7: 9 | I7: 10 | J7: 9 | K7: 10 | L7: 10 | M7: =IF(COUNT(C7:L7)=0,"",SUM(C7:L7)) | N7: =M7/100 | O7: =IF(M7="","",IF(M7<50,"ضعيف",IF(M7<75,"متوسط","ممتاز"))) | P7: =IF(M7="","",B7&" – درجة: "&TEXT(M7,"0.0")&"/100 – "&O7)
A8: 4 | B8: ='قاعدة الأسماء'!B8 | C8: 10 | D8: 10 | E8: 9 | F8: 9 | G8: 10 | H8: 10 | I8: 10 | J8: 9 | K8: 10 | L8: 10 | M8: =IF(COUNT(C8:L8)=0,"",SUM(C8:L8)) | N8: =M8/100 | O8: =IF(M8="","",IF(M8<50,"ضعيف",IF(M8<75,"متوسط","ممتاز"))) | P8: =IF(M8="","",B8&" – درجة: "&TEXT(M8,"0.0")&"/100 – "&O8)
A9: 5 | B9: ='قاعدة الأسماء'!B9 | C9: 10 | D9: 10 | E9: 10 | F9: 10 | G9: 10 | H9: 10 | I9: 9 | J9: 10 | K9: 10 | L9: 9 | M9: =IF(COUNT(C9:L9)=0,"",SUM(C9:L9)) | N9: =M9/100 | O9: =IF(M9="","",IF(M9<50,"ضعيف",IF(M9<75,"متوسط","ممتاز"))) | P9: =IF(M9="","",B9&" – درجة: "&TEXT(M9,"0.0")&"/100 – "&O9)
A10: 6 | B10: ='قاعدة الأسماء'!B10 | C10: 10 | D10: 10 | E10: 10 | F10: 9 | G10: 9 | H10: 9 | I10: 10 | J10: 10 | K10: 9 | L10: 10 | M10: =IF(COUNT(C10:L10)=0,"",SUM(C10:L10)) | N10: =M10/100 | O10: =IF(M10="","",IF(M10<50,"ضعيف",IF(M10<75,"متوسط","ممتاز"))) | P10: =IF(M10="","",B10&" – درجة: "&TEXT(M10,"0.0")&"/100 – "&O10)
A11: 7 | B11: ='قاعدة الأسماء'!B11 | C11: 9 | D11: 9 | E11: 10 | F11: 8 | G11: 10 | H11: 8 | I11: 9 | J11: 10 | K11: 9 | L11: 10 | M11: =IF(COUNT(C11:L11)=0,"",SUM(C11:L11)) | N11: =M11/100 | O11: =IF(M11="","",IF(M11<50,"ضعيف",IF(M11<75,"متوسط","ممتاز"))) | P11: =IF(M11="","",B11&" – درجة: "&TEXT(M11,"0.0")&"/100 – "&O11)
A12: 8 | B12: ='قاعدة الأسماء'!B12 | C12: 10 | D12: 9 | E12: 9 | F12: 8 | G12: 10 | H12: 10 | I12: 10 | J12: 9 | K12: 10 | L12: 10 | M12: =IF(COUNT(C12:L12)=0,"",SUM(C12:L12)) | N12: =M12/100 | O12: =IF(M12="","",IF(M12<50,"ضعيف",IF(M12<75,"متوسط","ممتاز"))) | P12: =IF(M12="","",B12&" – درجة: "&TEXT(M12,"0.0")&"/100 – "&O12)
A13: 9 | B13: ='قاعدة الأسماء'!B13 | C13: 10 | D13: 9 | E13: 9 | F13: 10 | G13: 10 | H13: 10 | I13: 10 | J13: 9 | K13: 10 | L13: 10 | M13: =IF(COUNT(C13:L13)=0,"",SUM(C13:L13)) | N13: =M13/100 | O13: =IF(M13="","",IF(M13<50,"ضعيف",IF(M13<75,"متوسط","ممتاز"))) | P13: =IF(M13="","",B13&" – درجة: "&TEXT(M13,"0.0")&"/100 – "&O13)
A14: 10 | B14: ='قاعدة الأسماء'!B14 | C14: 10 | D14: 9 | E14: 8 | F14: 9 | G14: 9 | H14: 9 | I14: 10 | J14: 8 | K14: 10 | L14: 10 | M14: =IF(COUNT(C14:L14)=0,"",SUM(C14:L14)) | N14: =M14/100 | O14: =IF(M14="","",IF(M14<50,"ضعيف",IF(M14<75,"متوسط","ممتاز"))) | P14: =IF(M14="","",B14&" – درجة: "&TEXT(M14,"0.0")&"/100 – "&O14)
A15: 11 | B15: ='قاعدة الأسماء'!B15 | C15: 10 | D15: 10 | E15: 9 | F15: 10 | G15: 10 | H15: 10 | I15: 10 | J15: 9 | K15: 10 | L15: 10 | M15: =IF(COUNT(C15:L15)=0,"",SUM(C15:L15)) | N15: =M15/100 | O15: =IF(M15="","",IF(M15<50,"ضعيف",IF(M15<75,"متوسط","ممتاز"))) | P15: =IF(M15="","",B15&" – درجة: "&TEXT(M15,"0.0")&"/100 – "&O15)
A16: 12 | B16: ='قاعدة الأسماء'!B16 | C16: 10 | D16: 10 | E16: 10 | F16: 10 | G16: 10 | H16: 10 | I16: 10 | J16: 10 | K16: 10 | L16: 10 | M16: =IF(COUNT(C16:L16)=0,"",SUM(C16:L16)) | N16: =M16/100 | O16: =IF(M16="","",IF(M16<50,"ضعيف",IF(M16<75,"متوسط","ممتاز"))) | P16: =IF(M16="","",B16&" – درجة: "&TEXT(M16,"0.0")&"/100 – "&O16)
... A103: 99 | B103: ='قاعدة الأسماء'!B103 | C103: 7 | D103: 7 | E103: 4 | F103: 6 | G103: 5 | H103: 4 | I103: 6 | J103: 5 | K103: 6 | L103: 5 | M103: =IF(COUNT(C103:L103)=0,"",SUM(C103:L103)) | N103: =M103/100 | O103: =IF(M103="","",IF(M103<50,"ضعيف",IF(M103<75,"متوسط","ممتاز"))) | P103: =IF(M103="","",B103&" – درجة: "&TEXT(M103,"0.0")&"/100 – "&O103)
A106: التقرير والتحليل الإحصائي الختامي – Final Analytics & Charts
B108: المؤشرات العامة
B109: المتوسط العام | D109: =IFERROR(AVERAGE(M5:M103),0)
B110: نسبة النجاح | D110: =IFERROR(COUNTIF(O5:O103,"<>ضعيف")/99,0)
B111: أعلى درجة | D111: =IFERROR(MAX(M5:M103),0)
B112: أعلى طالبة | D112: =IFERROR(INDEX(B5:B103,MATCH(MAX(M5:M103),M5:M103,0)),"—")
B114: توزيع مستويات الختامي
B115: المستوى | C115: العدد | D115: النسبة%
B116: ممتاز | C116: =COUNTIF(O5:O103,"ممتاز") | D116: =C116/99
B117: متوسط | C117: =COUNTIF(O5:O103,"متوسط") | D117: =C117/99
B118: ضعيف | C118: =COUNTIF(O5:O103,"ضعيف") | D118: =C118/99
A120: مقارنة وتحليل متوسط درجات مهارات نافس في الاختبار النهائي
B122: المهارة | C122: المتوسط | D122: التقييم
B123: ='الواجهة الرئيسية'!B8 | C123: =IFERROR(AVERAGE(C5:C103),0) | D123: =IF(C123>=7.5,"نقطة قوة",IF(C123>=5.0,"مستوى متوسط","تحتاج دعم"))
B124: ='الواجهة الرئيسية'!D8 | C124: =IFERROR(AVERAGE(D5:D103),0) | D124: =IF(C124>=7.5,"نقطة قوة",IF(C124>=5.0,"مستوى متوسط","تحتاج دعم"))
B125: ='الواجهة الرئيسية'!F8 | C125: =IFERROR(AVERAGE(E5:E103),0) | D125: =IF(C125>=7.5,"نقطة قوة",IF(C125>=5.0,"مستوى متوسط","تحتاج دعم"))
B126: ='الواجهة الرئيسية'!H8 | C126: =IFERROR(AVERAGE(F5:F103),0) | D126: =IF(C126>=7.5,"نقطة قوة",IF(C126>=5.0,"مستوى متوسط","تحتاج دعم"))
B127: ='الواجهة الرئيسية'!J8 | C127: =IFERROR(AVERAGE(G5:G103),0) | D127: =IF(C127>=7.5,"نقطة قوة",IF(C127>=5.0,"مستوى متوسط","تحتاج دعم"))
B128: ='الواجهة الرئيسية'!B20 | C128: =IFERROR(AVERAGE(H5:H103),0) | D128: =IF(C128>=7.5,"نقطة قوة",IF(C128>=5.0,"مستوى متوسط","تحتاج دعم"))
B129: ='الواجهة الرئيسية'!D20 | C129: =IFERROR(AVERAGE(I5:I103),0) | D129: =IF(C129>=7.5,"نقطة قوة",IF(C129>=5.0,"مستوى متوسط","تحتاج دعم"))
B130: ='الواجهة الرئيسية'!F20 | C130: =IFERROR(AVERAGE(J5:J103),0) | D130: =IF(C130>=7.5,"نقطة قوة",IF(C130>=5.0,"مستوى متوسط","تحتاج دعم"))
B131: ='الواجهة الرئيسية'!H20 | C131: =IFERROR(AVERAGE(K5:K103),0) | D131: =IF(C131>=7.5,"نقطة قوة",IF(C131>=5.0,"مستوى متوسط","تحتاج دعم"))
B132: ='الواجهة الرئيسية'!J20 | C132: =IFERROR(AVERAGE(L5:L103),0) | D132: =IF(C132>=7.5,"نقطة قوة",IF(C132>=5.0,"مستوى متوسط","تحتاج دعم"))

Sheet لوحة التحليل
A2: لوحة التحليل الشاملة لمهارات نافس – Analytics Dashboard
A3: تحليل شامل | نقاط القوة والضعف | فرص التحسين | أداء الطالبات
A5: مؤشرات الأداء الرئيسية – KPIs
B6: متوسط القبلي | D6: متوسط البعدي | F6: متوسط النهائي | H6: نسبة التحسن | J6: ممتازات القبلي | L6: ممتازات البعدي
B7: =IFERROR(AVERAGE('الاختبار القبلي'!M6:M104),0) | D7: =IFERROR(AVERAGE('الاختبار البعدي'!M6:M104),0) | F7: =IFERROR(AVERAGE('الاختبار النهائي'!M5:M103),0) | H7: =IFERROR((AVERAGE('الاختبار البعدي'!M6:M104)-AVERAGE('الاختبار القبلي'!M6:M104))/AVERAGE('الاختبار القبلي'!M6:M104),0) | J7: =COUNTIF('الاختبار القبلي'!O6:O104,"ممتاز") | L7: =COUNTIF('الاختبار البعدي'!O6:O104,"ممتاز")
A12: تحليل الأداء لكل مهارة من مهارات نافس
B13: المهارة | C13: متوسط القبلي | D13: متوسط البعدي | E13: متوسط النهائي | F13: الفرق | G13: نسبة التحسن | H13: نقطة القوة | J13: فرصة التحسين
B14: ='الواجهة الرئيسية'!B8 | C14: =IFERROR(AVERAGE('الاختبار القبلي'!C6:C104),0) | D14: =IFERROR(AVERAGE('الاختبار البعدي'!C6:C104),0) | E14: =IFERROR(AVERAGE('الاختبار النهائي'!C5:C103),0) | F14: =IFERROR(D14-C14,0) | G14: =IFERROR(IF(C14=0,0,(D14-C14)/C14),0) | H14: =IF(D14>7,"نقطة قوة","تحتاج تطوير") | J14: =IF(F14<0,"تراجع – خطة علاجية فورية",IF(G14<0.2,"فرصة تحسين متاحة","أداء مرتفع – حافظي على المستوى"))
B15: ='الواجهة الرئيسية'!D8 | C15: =IFERROR(AVERAGE('الاختبار القبلي'!D6:D104),0) | D15: =IFERROR(AVERAGE('الاختبار البعدي'!D6:D104),0) | E15: =IFERROR(AVERAGE('الاختبار النهائي'!D5:D103),0) | F15: =IFERROR(D15-C15,0) | G15: =IFERROR(IF(C15=0,0,(D15-C15)/C15),0) | H15: =IF(D15>7,"نقطة قوة","تحتاج تطوير") | J15: =IF(F15<0,"تراجع – خطة علاجية فورية",IF(G15<0.2,"فرصة تحسين متاحة","أداء مرتفع – حافظي على المستوى"))
B16: ='الواجهة الرئيسية'!F8 | C16: =IFERROR(AVERAGE('الاختبار القبلي'!E6:E104),0) | D16: =IFERROR(AVERAGE('الاختبار البعدي'!E6:E104),0) | E16: =IFERROR(AVERAGE('الاختبار النهائي'!E5:E103),0) | F16: =IFERROR(D16-C16,0) | G16: =IFERROR(IF(C16=0,0,(D16-C16)/C16),0) | H16: =IF(D16>7,"نقطة قوة","تحتاج تطوير") | J16: =IF(F16<0,"تراجع – خطة علاجية فورية",IF(G16<0.2,"فرصة تحسين متاحة","أداء مرتفع – حافظي على المستوى"))
B17: ='الواجهة الرئيسية'!H8 | C17: =IFERROR(AVERAGE('الاختبار القبلي'!F6:F104),0) | D17: =IFERROR(AVERAGE('الاختبار البعدي'!F6:F104),0) | E17: =IFERROR(AVERAGE('الاختبار النهائي'!F5:F103),0) | F17: =IFERROR(D17-C17,0) | G17: =IFERROR(IF(C17=0,0,(D17-C17)/C17),0) | H17: =IF(D17>7,"نقطة قوة","تحتاج تطوير") | J17: =IF(F17<0,"تراجع – خطة علاجية فورية",IF(G17<0.2,"فرصة تحسين متاحة","أداء مرتفع – حافظي على المستوى"))
B18: ='الواجهة الرئيسية'!J8 | C18: =IFERROR(AVERAGE('الاختبار القبلي'!G6:G104),0) | D18: =IFERROR(AVERAGE('الاختبار البعدي'!G6:G104),0) | E18: =IFERROR(AVERAGE('الاختبار النهائي'!G5:G103),0) | F18: =IFERROR(D18-C18,0) | G18: =IFERROR(IF(C18=0,0,(D18-C18)/C18),0) | H18: =IF(D18>7,"نقطة قوة","تحتاج تطوير") | J18: =IF(F18<0,"تراجع – خطة علاجية فورية",IF(G18<0.2,"فرصة تحسين متاحة","أداء مرتفع – حافظي على المستوى"))
B19: ='الواجهة الرئيسية'!B20 | C19: =IFERROR(AVERAGE('الاختبار القبلي'!H6:H104),0) | D19: =IFERROR(AVERAGE('الاختبار البعدي'!H6:H104),0) | E19: =IFERROR(AVERAGE('الاختبار النهائي'!H5:H103),0) | F19: =IFERROR(D19-C19,0) | G19: =IFERROR(IF(C19=0,0,(D19-C19)/C19),0) | H19: =IF(D19>7,"نقطة قوة","تحتاج تطوير") | J19: =IF(F19<0,"تراجع – خطة علاجية فورية",IF(G19<0.2,"فرصة تحسين متاحة","أداء مرتفع – حافظي على المستوى"))
B20: ='الواجهة الرئيسية'!D20 | C20: =IFERROR(AVERAGE('الاختبار القبلي'!I6:I104),0) | D20: =IFERROR(AVERAGE('الاختبار البعدي'!I6:I104),0) | E20: =IFERROR(AVERAGE('الاختبار النهائي'!I5:I103),0) | F20: =IFERROR(D20-C20,0) | G20: =IFERROR(IF(C20=0,0,(D20-C20)/C20),0) | H20: =IF(D20>7,"نقطة قوة","تحتاج تطوير") | J20: =IF(F20<0,"تراجع – خطة علاجية فورية",IF(G20<0.2,"فرصة تحسين متاحة","أداء مرتفع – حافظي على المستوى"))
B21: ='الواجهة الرئيسية'!F20 | C21: =IFERROR(AVERAGE('الاختبار القبلي'!J6:J104),0) | D21: =IFERROR(AVERAGE('الاختبار البعدي'!J6:J104),0) | E21: =IFERROR(AVERAGE('الاختبار النهائي'!J5:J103),0) | F21: =IFERROR(D21-C21,0) | G21: =IFERROR(IF(C21=0,0,(D21-C21)/C21),0) | H21: =IF(D21>7,"نقطة قوة","تحتاج تطوير") | J21: =IF(F21<0,"تراجع – خطة علاجية فورية",IF(G21<0.2,"فرصة تحسين متاحة","أداء مرتفع – حافظي على المستوى"))
B22: ='الواجهة الرئيسية'!H20 | C22: =IFERROR(AVERAGE('الاختبار القبلي'!K6:K104),0) | D22: =IFERROR(AVERAGE('الاختبار البعدي'!K6:K104),0) | E22: =IFERROR(AVERAGE('الاختبار النهائي'!K5:K103),0) | F22: =IFERROR(D22-C22,0) | G22: =IFERROR(IF(C22=0,0,(D22-C22)/C22),0) | H22: =IF(D22>7,"نقطة قوة","تحتاج تطوير") | J22: =IF(F22<0,"تراجع – خطة علاجية فورية",IF(G22<0.2,"فرصة تحسين متاحة","أداء مرتفع – حافظي على المستوى"))
B23: ='الواجهة الرئيسية'!J20 | C23: =IFERROR(AVERAGE('الاختبار القبلي'!L6:L104),0) | D23: =IFERROR(AVERAGE('الاختبار البعدي'!L6:L104),0) | E23: =IFERROR(AVERAGE('الاختبار النهائي'!L5:L103),0) | F23: =IFERROR(D23-C23,0) | G23: =IFERROR(IF(C23=0,0,(D23-C23)/C23),0) | H23: =IF(D23>7,"نقطة قوة","تحتاج تطوير") | J23: =IF(F23<0,"تراجع – خطة علاجية فورية",IF(G23<0.2,"فرصة تحسين متاحة","أداء مرتفع – حافظي على المستوى"))
A26: مخطط تطور الأداء عبر مهارات نافس العشر
